,0
SAPS mean score,0.48157465
Prior high-risk,0.38018495
Wave,0.27828
SAPS sum score,0.21374503
SAPS tolerance,0.18294671
Baseline SAPS,0.15149966
Parental mediation — item 1,0.14694847
Daily smartphone use,0.14509219
Smartphone use — item 1,0.1318799
Cohort,0.1083371
Parent school involvement — item 1,0.10067994
SAPS withdrawal,0.0982957
Psychological well-being — item 1,0.0891411
Device access — item 1,0.07107816
Psychological well-being — item 2,0.067620695
Father age,0.06310425
Aggression — item 1,0.062528186
Time use — item 1,0.061271973
Parental mediation — item 2,0.056969445
Parental mediation — item 3,0.053454924
Smartphone use — item 2,0.052221254
Device access — item 2,0.045390055
Parenting stress — item 1,0.04520977
Parenting stress — item 2,0.043088112
Parental mediation — item 4,0.041789327
