,mean_abs_SHAP
Parental mediation,0.6408720754261594
Smartphone use,0.4280208084965125
Psychological well-being,0.42240443103946745
Parenting stress,0.4055527393356897
Time use,0.35273751674685627
Family relationship,0.2855764494743198
Device access,0.19413581816479564
Aggression,0.1634045576211065
School engagement,0.14151884673628956
Parent school involvement,0.13713722862303257
Self-control,0.132691204387811
Social anxiety,0.08850866951979697
After-school activity,0.0776587407453917
Career orientation,0.06443006271729246
Father age,0.06310424953699112
Father info,0.06299896584823728
Self-esteem,0.05763450916856527
Parent education involvement,0.04793025180697441
Delinquency,0.04751444122302928
Peer relationship,0.04734670592006296
Physical health,0.04637356591410935
Mother info,0.0463043712079525
Parent health,0.042384300264529884
Household income,0.03759288997389376
Parent-reported family,0.035365383122552885
Depression,0.01592267316300422
Birth year,0.01568126119673252
Parent work hours,0.014994475641287863
Birth month,0.002806079341098666
Household size,0.0024449073243886232
Sex,0.0016999734798446298
Twin,0.00023075328499544412
