Model,Transition,AUC,AUC_lo,AUC_hi
XGBoost,G7->G8,0.7779703898050975,0.6798736934111324,0.8648013055121072
XGBoost,G8->G9,0.8957293152639086,0.8360206212410833,0.9451099518012104
XGBoost,G9->G10,0.8049334707646176,0.7220581956190107,0.8785022746548561
LightGBM,G7->G8,0.779891304347826,0.6820692961636834,0.8636889059855547
LightGBM,G8->G9,0.8694276034236804,0.7989463710295177,0.9281661925082978
LightGBM,G9->G10,0.800599700149925,0.7115013144359355,0.8801462524608833
CatBoost,G7->G8,0.7361319340329836,0.623910859922362,0.834656504084548
CatBoost,G8->G9,0.9017029243937233,0.8566722664668903,0.9414664426567111
CatBoost,G9->G10,0.8019349700149925,0.7189378101093349,0.878092445788634
RandomForest,G7->G8,0.7512649925037481,0.6452770643535569,0.8452950432635202
RandomForest,G8->G9,0.8816422967189729,0.8175696299933201,0.9356879479260303
RandomForest,G9->G10,0.817747376311844,0.7413259841113987,0.8857630821718829
ExtraTrees,G7->G8,0.7593234632683659,0.656597574145129,0.8588158779824591
ExtraTrees,G8->G9,0.8803495007132668,0.8061280507410454,0.938836375213007
ExtraTrees,G9->G10,0.8201836581709145,0.7432731321226642,0.8833846122908623
LogRegEN,G7->G8,0.6482852323838081,0.5430968514395094,0.753670494651323
LogRegEN,G8->G9,0.8355920114122682,0.7720982954880549,0.8936929263646983
LogRegEN,G9->G10,0.7418946776611695,0.6548869511742319,0.8250049368939525
