feature,dtype,n_missing
P_PARENT,float64,286
P_PBRP1,float64,286
P_PBRP2,float64,475
P_PEDU1A00,float64,286
P_PEDU1B01,float64,1705
P_PEDU1B02,float64,1705
P_PEDU1C00,float64,1706
P_PFAM1A00,float64,286
P_PFAM2A01,float64,286
P_PFAM2A02,float64,286
P_PFAM2A03,float64,286
P_PFAM2A04,float64,286
P_PFAM3A00,float64,286
P_PFAM3B00,float64,286
P_PFAM3C00,float64,286
P_PFAM3D00,float64,286
P_PFBRTA1,float64,286
P_PFBRTA2,float64,286
P_PFBRTA3,float64,548
P_PFBRTA4,float64,2210
P_PFBRTB1,float64,286
P_PFBRTB2,float64,286
P_PFBRTB3,float64,548
P_PFBRTB4,float64,2210
P_PFGENDER1,float64,286
P_PFGENDER2,float64,286
P_PFGENDER3,float64,548
P_PFGENDER4,float64,2210
P_PFRELATION2,float64,286
P_PFRELATION3,float64,548
P_PFRELATION4,float64,2210
P_PHOMPOP,float64,286
P_PINCOME,float64,288
P_PINCOME1,float64,289
P_PJOB1,float64,1260
P_PJOB2,float64,3284
P_PMDA1A00,float64,286
P_PMDA1B01,float64,319
P_PMDA1B02,float64,319
P_PMDA1B03,float64,319
P_PMDA1B04,float64,319
P_PMDA1B05,float64,319
P_PMDA1B06,float64,319
P_PMDA1B07,float64,319
P_PMDA1B08,float64,319
P_PMDA1B09,float64,319
P_PMDA1B10,float64,319
P_PMDA1B11,float64,319
P_PMDA1B13,float64,319
P_PMDA1C01,float64,319
P_PMDA1C02,float64,319
P_PMDA1C03,float64,319
P_PMDA1C04,float64,319
P_PMDA1C05,float64,319
P_PMDA1C06,float64,319
P_PMDA1C07,float64,319
P_PMDA1C08,float64,319
P_PMDA1C09,float64,319
P_PMDA1C10,float64,319
P_PMDA1C11,float64,319
P_PMDA1C12,float64,319
P_PMDA1C13,float64,319
P_PMDA1C14,float64,319
P_PMDA1C15,float64,319
P_PPHY1A00,float64,286
P_PPHY1B00,float64,286
P_PPHY1C00,float64,286
P_PPHY2A00,float64,289
P_PPHY2B00,float64,298
P_PPSY1A01,float64,286
P_PPSY1A02,float64,286
P_PPSY1A03,float64,286
P_PPSY1A04,float64,286
P_PPSY1A05,float64,286
P_PPSY2A01,float64,286
P_PPSY2A02,float64,286
P_PPSY2A03,float64,286
P_PPSY2A04,float64,286
P_PPSY3A01,float64,286
P_PPSY3A02,float64,286
P_PPSY3A03,float64,286
P_PPSY3A04,float64,286
P_PPSY3A05,float64,286
P_PPSY3A06,float64,286
P_PPSY3A07,float64,286
P_PPSY3A08,float64,286
P_PPSY3A09,float64,286
P_PPSY3A10,float64,286
P_PPSY4A01,float64,286
P_PPSY4A02,float64,286
P_PPSY4A03,float64,286
P_PPSY4A04,float64,286
P_PPSY4A05,float64,286
P_PPSY4A06,float64,286
P_PPSY4A07,float64,286
P_PPSY4A08,float64,286
P_PPSY4A09,float64,286
P_PPSY4A10,float64,286
P_PPSY4A11,float64,286
P_PPSY4A12,float64,286
P_PPSY4A13,float64,286
P_PPSY4A14,float64,286
P_PPSY4A15,float64,286
P_PPSY4A16,float64,286
P_PPSY4A17,float64,286
P_PPSY4A18,float64,286
P_PPSY4A19,float64,286
P_PPSY4A20,float64,286
P_PPSY4A21,float64,286
P_PPSY4A22,float64,286
P_PPSY4A23,float64,286
P_PPSY4A24,float64,286
P_PPSY4A25,float64,286
P_PPSY4A26,float64,286
P_PPSY4A27,float64,286
P_PPSY4A28,float64,286
P_PPSY4A29,float64,286
P_PPSY4A30,float64,286
P_PPSY4Asc,float64,286
P_PPSY5A01,float64,286
P_PPSY5A02,float64,286
P_PPSY5A03,float64,286
P_PPSY5A04,float64,286
P_PPSY5A05,float64,286
P_PPSY5A06,float64,286
P_PPSY5A07,float64,286
P_PPSY5A08,float64,286
P_PSCHOOL1,float64,286
P_PSCHOOL2,float64,286
P_PSCHOOL3,float64,286
P_PWORKW1,float64,286
P_PWORKW2,float64,286
P_PWORKW3,float64,286
P_PYBRP1,float64,286
P_PYBRP2,float64,413
P_PYBRT1A,float64,286
P_PYBRT1B,float64,286
P_PYGENDER,float64,286
SP_DAILY,float64,390
SP_MEAN,float64,390
SP_SUM,float64,390
SP_TOLERANCE,float64,390
SP_VIRTUAL,float64,390
SP_WITHDRAWAL,float64,390
YACT1A01,float64,281
YACT1A02,float64,281
YACT1A03,float64,281
YACT1A04,float64,281
YACT1A05,float64,281
YACT1A06,float64,281
YACT1A07,float64,281
YACT1A08,float64,281
YACT1A09,float64,281
YACT1B01,float64,4726
YACT2A01,float64,281
YACT2A02,float64,281
YACT3A00,float64,281
YBRT1A,float64,281
YBRT1B,float64,281
YDLQ1A01,float64,281
YDLQ1A02,float64,281
YDLQ1A03,float64,281
YDLQ1A04,float64,281
YDLQ1A05,float64,281
YDLQ1A06,float64,281
YDLQ1A07,float64,281
YDLQ1A08,float64,281
YDLQ1A09,float64,281
YDLQ1A10,float64,281
YDLQ1A11,float64,281
YDLQ1A12,float64,281
YDLQ1A13,float64,281
YDLQ1A14,float64,281
YDLQ1A15,float64,281
YDLQ2A01,float64,281
YDLQ2A02,float64,281
YDLQ2A03,float64,281
YDLQ2A04,float64,281
YDLQ2A05,float64,281
YDLQ2A06,float64,281
YDLQ2A07,float64,281
YDLQ2A08,float64,281
YDLQ2A09,float64,281
YDLQ2A10,float64,281
YDLQ2A11,float64,281
YDLQ2A12,float64,281
YDLQ2A13,float64,281
YDLQ2A14,float64,281
YDLQ2A15,float64,281
YEDU1A00,float64,281
YEDU2A01,float64,281
YEDU2A02,float64,281
YEDU2A03,float64,281
YEDU2A04,float64,281
YEDU2A05,float64,281
YEDU2A06,float64,281
YEDU2A07,float64,281
YEDU2A08,float64,281
YEDU2A09,float64,281
YEDU2A10,float64,281
YEDU2A11,float64,281
YEDU2A12,float64,281
YEDU2A13,float64,281
YEDU3A01,float64,281
YEDU3A02,float64,281
YEDU3A03,float64,281
YEDU3A04,float64,281
YEDU3A05,float64,281
YEDU3A06,float64,281
YEDU3A07,float64,281
YEDU3A08,float64,281
YEDU3A09,float64,281
YEDU3A10,float64,281
YEDU3A11,float64,281
YEDU3A12,float64,281
YEDU3A13,float64,281
YEDU3A14,float64,281
YFAM1A01,float64,281
YFAM1A02,float64,281
YFAM1A03,float64,281
YFAM1A04,float64,281
YFAM2A01,float64,281
YFAM2A02,float64,281
YFAM2A03,float64,281
YFAM2A04,float64,281
YFAM2B01,float64,281
YFAM2B02,float64,281
YFAM2B03,float64,281
YFAM2B04,float64,281
YFAM2C01,float64,281
YFAM2C02,float64,281
YFAM2C03,float64,281
YFAM2C04,float64,281
YFAM2D01,float64,281
YFAM2D02,float64,281
YFAM2D03,float64,281
YFAM2D04,float64,281
YFAM2E01,float64,281
YFAM2E02,float64,281
YFAM2E03,float64,281
YFAM2E04,float64,281
YFAM2F01,float64,281
YFAM2F02,float64,281
YFAM2F03,float64,281
YFAM2F04,float64,281
YFUR1A00,float64,281
YFUR1B00,float64,281
YFUR2A01,float64,281
YFUR2A02,float64,281
YFUR2A03,float64,281
YFUR2A04,float64,281
YFUR2A05,float64,281
YFUR2A06,float64,281
YFUR2A07,float64,281
YFUR2A08,float64,281
YGENDER,float64,281
YINT1A00,float64,281
YINT1B00,float64,281
YINT2A01,float64,281
YINT2A02,float64,281
YINT2A03,float64,281
YINT2A04,float64,281
YINT2A05,float64,281
YINT2A06,float64,281
YINT2A07,float64,281
YINT2A08,float64,281
YINT2A09,float64,281
YINT2A10,float64,281
YINT2A11,float64,281
YINT2A12,float64,281
YINT2A13,float64,281
YINT2A14,float64,281
YINT2A15,float64,281
YINT2A16,float64,281
YINT2B01,float64,281
YINT2B02,float64,281
YINT2B03,float64,281
YINT2B04,float64,281
YINT2B05,float64,281
YINT2B06,float64,281
YINT2B07,float64,281
YINT2B08,float64,281
YINT2B09,float64,281
YINT2B10,float64,281
YINT2B11,float64,281
YINT2B12,float64,281
YINT2B13,float64,281
YINT2B14,float64,281
YINT2B15,float64,281
YINT2B16,float64,281
YMDA1A00,float64,281
YMDA1B01,float64,390
YMDA1B02,float64,390
YMDA1B03,float64,390
YMDA1B04,float64,390
YMDA1B05,float64,390
YMDA1B06,float64,390
YMDA1B07,float64,390
YMDA1B08,float64,390
YMDA1B09,float64,390
YMDA1B10,float64,390
YMDA1B11,float64,390
YMDA1B13,float64,390
YPHY1A00,float64,281
YPHY1B00,float64,281
YPHY1C00,float64,281
YPHY2A00,float64,283
YPHY2B00,float64,284
YPSY1A01,float64,281
YPSY1A02,float64,281
YPSY1A03,float64,281
YPSY1A04,float64,281
YPSY1A05,float64,281
YPSY2A01,float64,281
YPSY2A02,float64,281
YPSY2A03,float64,281
YPSY2A04,float64,281
YPSY3A01,float64,281
YPSY3A02,float64,281
YPSY3A03,float64,281
YPSY3A04,float64,281
YPSY3A05,float64,281
YPSY3A06,float64,281
YPSY3A07,float64,281
YPSY3A08,float64,281
YPSY3A09,float64,281
YPSY3A10,float64,281
YPSY4A01,float64,281
YPSY4A02,float64,281
YPSY4A03,float64,281
YPSY4A04,float64,281
YPSY4A05,float64,281
YPSY4A06,float64,281
YPSY4A07,float64,281
YPSY4B01,float64,281
YPSY4B02,float64,281
YPSY4B03,float64,281
YPSY4B04,float64,281
YPSY4B05,float64,281
YPSY4B06,float64,281
YPSY4C01,float64,281
YPSY4C02,float64,281
YPSY4C03,float64,281
YPSY4C04,float64,281
YPSY4C05,float64,281
YPSY4C06,float64,281
YPSY4C07,float64,281
YPSY4C08,float64,281
YPSY4D01,float64,281
YPSY4D02,float64,281
YPSY4D03,float64,281
YPSY4D04,float64,281
YPSY4D05,float64,281
YPSY4E01,float64,281
YPSY4E02,float64,281
YPSY4E03,float64,281
YPSY4E04,float64,281
YPSY4E05,float64,281
YPSY4E06,float64,281
YPSY4E07,float64,281
YPSY4E08,float64,281
YPSY4E09,float64,281
YPSY4E10,float64,281
YPSY5A01,float64,281
YPSY5A02,float64,281
YPSY5A03,float64,281
YPSY5A04,float64,281
YPSY5A05,float64,281
YPSY5A06,float64,281
YPSY5A07,float64,281
YPSY5A08,float64,281
YPSY5A09,float64,281
YPSY5A10,float64,281
YPSY5A11,float64,281
YPSY5A12,float64,281
YPSY5A13,float64,281
YPSY5A14,float64,281
YPSY6A01,float64,281
YPSY6A02,float64,281
YPSY6A03,float64,281
YPSY6A04,float64,281
YPSY6A05,float64,281
YPSY6A06,float64,281
YPSY6A07,float64,281
YPSY6A08,float64,281
YPSY6A09,float64,281
YPSY6A10,float64,281
YPSY6A11,float64,281
YPSY6A12,float64,281
YPSY6A13,float64,281
YPSY6A14,float64,281
YPSY6A15,float64,281
YPSY6A16,float64,281
YPSY6A17,float64,281
YPSY6A18,float64,281
YPSY6A19,float64,281
YPSY6A20,float64,281
YPSY6A21,float64,281
YPSY6A22,float64,281
YPSY6A23,float64,281
YPSY6A24,float64,281
YPSY6A25,float64,281
YPSY6A26,float64,281
YPSY6A27,float64,281
YPSY6A28,float64,281
YPSY6A29,float64,281
YPSY6A30,float64,281
YPSY6Asc,float64,281
YPSY7A01,float64,281
YPSY7A02,float64,281
YPSY7A03,float64,281
YPSY7A04,float64,281
YPSY7A05,float64,281
YPSY7A06,float64,281
YPSY7A07,float64,281
YPSY7A08,float64,281
YTIM1A01,float64,281
YTIM1A02,float64,281
YTIM1A03,float64,281
YTIM1A04,float64,281
YTIM1B01,float64,281
YTIM1B02,float64,281
YTIM1B03,float64,281
YTIM1B04,float64,281
YTIM1C01,float64,281
YTIM1C02,float64,281
YTIM1D01,float64,281
YTIM1D02,float64,281
YTIM1E01,float64,281
YTIM1E02,float64,281
YTIM1F01,float64,281
YTIM1F02,float64,281
YTIM1G01,float64,281
YTIM1G02,float64,281
YTIM1H01,float64,281
YTIM1H02,float64,281
YTIM1I01,float64,281
YTIM1I02,float64,281
YTIM1J01,float64,281
YTIM1J02,float64,281
YTIM1K01,float64,281
YTIM1K02,float64,281
YTIM1L01,float64,281
YTIM1L02,float64,281
YTIM1M01,float64,281
YTIM1M02,float64,281
YTIM1N01,float64,281
YTIM1N02,float64,281
YTWIN,float64,281
PREV_HIGH_RISK,int64,0
SP_SUM_BASELINE,float64,449
SP_SUM_DELTA,float64,664
SP_SUM_SLOPE,float64,523
COHORT_SRC_e4,int64,0
WAVE_IDX,int64,0
