analysis,classifier,quantity,value,lo,hi,bin,n,mean_predicted,observed,observed_lo,observed_hi,variant
P2_calibration,XGBoost,calibration_slope,0.644968696274967,0.5355752688930693,0.7569003541514105,,,,,,,
P2_calibration,XGBoost,calibration_intercept,-0.8734619343554384,-1.174758576441067,-0.6134059949511258,,,,,,,
P2_calibration,XGBoost,mean_predicted,0.072032787493127,0.0643817023188176,0.0796120122638065,,,,,,,
P2_calibration,XGBoost,observed,0.04233045061447428,0.03263275261648686,0.05282451893141254,,,,,,,
P2_reliability,XGBoost,,,,,1.0,220.0,0.006404442366363637,0.00909090909090909,0.0,0.023717767739506856,
P2_reliability,XGBoost,,,,,2.0,220.0,0.008873889442272728,0.0,0.0,0.0,
P2_reliability,XGBoost,,,,,3.0,219.0,0.011439473671232877,0.0091324200913242,0.0,0.02381237183868761,
P2_reliability,XGBoost,,,,,4.0,220.0,0.014510625661363635,0.013636363636363636,0.0,0.031114583333333314,
P2_reliability,XGBoost,,,,,5.0,219.0,0.01818939303196347,0.0228310502283105,0.004694287218638937,0.04433771209633277,
P2_reliability,XGBoost,,,,,6.0,220.0,0.024329263068181818,0.022727272727272728,0.004608294930875576,0.04504957218525055,
P2_reliability,XGBoost,,,,,7.0,220.0,0.03428750903181818,0.022727272727272728,0.004608294930875576,0.045454545454545456,
P2_reliability,XGBoost,,,,,8.0,219.0,0.05144032097716894,0.0319634703196347,0.00975609756097561,0.05752637848876785,
P2_reliability,XGBoost,,,,,9.0,220.0,0.10106557252272727,0.06818181818181818,0.036197732104890155,0.10222348484848484,
P2_reliability,XGBoost,,,,,10.0,220.0,0.44917361618181817,0.22272727272727272,0.15788255360623782,0.2857142857142857,
P3_recalibration,XGBoost,calibration_slope,0.6352963447570801,0.5200120657682419,0.7417690619826317,,,,,,,uncalibrated (locally refitted)
P3_recalibration,XGBoost,calibration_intercept,-0.8926161825656891,-1.1935293465852737,-0.6109153926372535,,,,,,,uncalibrated (locally refitted)
P3_recalibration,XGBoost,Brier,0.0436251275241375,0.036616052966564894,0.0515949996188283,,,,,,,uncalibrated (locally refitted)
P3_recalibration,XGBoost,AUROC,0.8150834048816387,0.7623707902758844,0.8566437081700147,,,,,,,uncalibrated (locally refitted)
P3_recalibration,XGBoost,mean_predicted,0.0724257156252861,0.06509670279920102,0.07911416757851839,,,,,,,uncalibrated (locally refitted)
P3_recalibration,XGBoost,calibration_slope,1.0139449254520798,0.8283854201017812,1.183944491559047,,,,,,,Platt scaling on development out-of-fold
P3_recalibration,XGBoost,calibration_intercept,-0.11438282947658984,-0.36295680965875926,0.11213984259239074,,,,,,,Platt scaling on development out-of-fold
P3_recalibration,XGBoost,Brier,0.03582401842800311,0.02911175005357401,0.04327923205323044,,,,,,,Platt scaling on development out-of-fold
P3_recalibration,XGBoost,AUROC,0.8150834048816387,0.7623707902758844,0.8566437081700147,,,,,,,Platt scaling on development out-of-fold
P3_recalibration,XGBoost,mean_predicted,0.04651588987652005,0.04282818042234254,0.049990889095160404,,,,,,,Platt scaling on development out-of-fold
P3_recalibration,XGBoost,calibration_slope,0.9810925752829145,0.7990882541867372,1.1544823992334785,,,,,,,isotonic on development out-of-fold
P3_recalibration,XGBoost,calibration_intercept,-0.11445443942986655,-0.37013546763470373,0.11790538914904095,,,,,,,isotonic on development out-of-fold
P3_recalibration,XGBoost,Brier,0.035777745314962715,0.029166841189933252,0.04294974774631519,,,,,,,isotonic on development out-of-fold
P3_recalibration,XGBoost,AUROC,0.8125766588985649,0.7590519892778638,0.8561459307086556,,,,,,,isotonic on development out-of-fold
P3_recalibration,XGBoost,mean_predicted,0.04656868570275237,0.04274275461526926,0.0499392776775955,,,,,,,isotonic on development out-of-fold
