threshold_probability,net_benefit_treat_all,net_benefit_treat_none,net_benefit_model_frozen,net_benefit_model_recalibrated
0.01,0.03265702082270129,0.0,0.033719075139193484,0.03283173105658313
0.02,0.022786174096402326,0.0,0.028071674732706005,0.02702200588929245
0.03,0.012711804757189981,0.0,0.023781257478567304,0.022312525515111984
0.04,0.002427552723410706,0.0,0.02101350326202397,0.0218479745106964
0.05,-0.008073209879500762,0.0,0.01933258270847807,0.017248400929497164
0.06,-0.018797392963325228,0.0,0.01701546596422588,0.01732536631189533
0.07,-0.02975220364035025,0.0,0.01637619236397629,0.016973292025782957
0.08,-0.04094516237557143,0.0,0.013615404405216601,0.0156339672676179
0.09,-0.05238412020387441,0.0,0.01329485262120674,0.014145162984489337
0.1,-0.06407727709502858,0.0,0.011530875436200879,0.013199817933545745
0.11,-0.07603320155677047,0.0,0.010340965463630182,0.01247871203326293
0.12,-0.08826085157446102,0.0,0.01034468490089792,0.011813630156825423
0.13,-0.10076959699485717,0.0,0.009636965768367523,0.010767033415472508
0.14,-0.11356924347154156,0.0,0.007780165341745084,0.010013654984069184
0.15,-0.1266700581006185,0.0,0.007523628477335401,0.009424616455594528
0.16,-0.14008279688753061,0.0,0.0074777293712204925,0.009038298979127382
0.17,-0.1538187341994286,0.0,0.006558779496684963,0.009240420946416526
0.18,-0.16788969437259232,0.0,0.005861651697991722,0.00877027432085882
0.19,-0.18230808566114287,0.0,0.005619335007895167,0.008344712486724321
0.2,-0.19708693673190714,0.0,0.005234410559854349,0.007851615839781521
0.21,-0.21223993593104523,0.0,0.004148349590638558,0.007271134976924807
0.22,-0.22778147357118683,0.0,0.002100766779874655,0.006582402576940582
0.23,-0.24372668751366977,0.0,0.002754641807896245,0.006490550869249093
0.24,-0.26009151234937594,0.0,0.0022518745657954635,0.005821335313705292
0.25,-0.2768927325140343,0.0,0.0015172204521316963,0.005461993627674101
0.26,-0.29414803971016995,0.0,0.001119462657924196,0.004637773868543099
0.27,-0.3118760950486654,0.0,0.0009165674238220227,0.003971792169895435
0.28,-0.3300965963687858,0.0,0.0007586102260658464,0.003312597987154199
0.29,-0.34883035124721934,0.0,0.0001923237192842965,0.0031156442524056483
0.3,-0.3680993562650368,0.0,0.0001300474673255718,0.0030561154821509857
0.31,-0.3879268831674286,0.0,-0.0004947457996081622,0.0022428476248903314
0.32,-0.4083375726257732,0.0,-0.0020348603710942763,0.0011780770569493147
0.33,-0.42935753639630714,0.0,-0.0015489235660568375,0.0014809883219315326
0.34,-0.4510144687659482,0.0,-0.0030344409042633944,0.0011586047089005647
0.35,-0.4733377682854242,0.0,-0.0028360351528307834,0.00038514057631035357
0.36,-0.49635867091488395,0.0,-0.002844788347746926,-0.00014223941738734664
0.37,-0.5201103958500408,0.0,-0.003265636401731076,-0.00020229606028422577
0.38,-0.5446283054605254,0.0,-0.0037441085350991814,-0.0007047733713127866
0.39,-0.5699500809598783,0.0,-0.0036413290851160674,-0.0006118626741383566
0.4,-0.596115915642543,0.0,-0.004248217265968746,-0.0010620543164921873
0.41,-0.6231687277720773,0.0,-0.005145691736805963,-0.0007251799449171821
0.42,-0.6511543954922856,0.0,-0.00558755669957465,-0.0006749015114654762
0.43,-0.6801220164658345,0.0,-0.006028954954523309,-0.0006068881808526765
0.44,-0.7101241953312959,0.0,-0.006469861499447298,-0.0002600949346511479
0.45,-0.7412173625191376,0.0,-0.007365415649439317,-0.0015723921049364828
0.46,-0.7734621284917144,0.0,-0.008260422461605896,-0.001399214416965896
0.47,-0.8069236780858975,0.0,-0.008296046925052172,-0.0016574917769514174
0.48,-0.8416722103567802,0.0,-0.008718182136479815,-0.0014355239662476806
0.49,-0.8777834301676974,0.0,-0.009139022017546204,-0.001187001883138325
0.5,-0.9153390987710515,0.0,-0.009558488848429678,-0.0009103322712790169
