analysis,variant,n_inputs,epv,oof_auroc,oof_prauc,auroc,auroc_lo,auroc_hi,prauc,n_inputs_folds,prauc_lo,prauc_hi,diff,diff_lo,diff_hi
D_full,all 455 columns,455.0,0.9318681318681319,0.8119964448953125,0.27796524693617036,0.8150834048816387,0.7631590248139793,0.8604906004999513,0.25077229844376847,,,,,,
D_reduced,top 10,10.0,42.4,0.7623498089710192,0.2206923797181587,0.7709943170203197,0.708891202722005,0.8211676236624685,0.2179007817232599,,0.14036991520271186,0.3224862630943867,-0.04408908786131893,-0.08327197956501363,-0.006296210914749065
D_reduced,top 20,20.0,21.2,0.7793212822777975,0.23676675178978085,0.8044124862013983,0.7535150083920158,0.8514800809712206,0.2232837006963041,,0.14839441818164595,0.3235816415174266,-0.010670918680240393,-0.04213850873592827,0.023068736844402853
D_reduced,top 30,30.0,14.133333333333333,0.7919874018025183,0.23870753161942132,0.7980472423238889,0.7440072481833859,0.8452885130865438,0.22737603796800904,,0.14479028559922785,0.33092123395083334,-0.017036162557749757,-0.03930999126143936,0.005506602101411315
D_reduced,top 50,50.0,8.48,0.8013105141628051,0.25626598078989593,0.8020335050492661,0.7483094186036064,0.8492614055625473,0.24715449129443007,,0.16115571806353124,0.3565145456232276,-0.013049899832372591,-0.03437033063190428,0.008808821903844969
D_reduced,top 100,100.0,4.24,0.8007294347304469,0.2627792574361497,0.7927424465431947,0.7347513679329521,0.844400804967061,0.22918239743089902,,0.15385520927938942,0.3363360575766737,-0.02234095833844396,-0.04831428193778367,0.0033226447762755087
D_reduced,top 200,200.0,2.12,0.8049879067697236,0.2654028741674438,0.7966852692260518,0.7410611845480504,0.8460575130254581,0.2532089076186751,,0.16466759097730418,0.37107744901137807,-0.0183981356555869,-0.03220971260973195,-0.005244899205659963
D_reduced,PCA 80%,213.0,1.9906103286384977,0.6959596127906951,0.12054036936865134,0.7380361012306309,0.6734589858725084,0.7961477734921586,0.14961470121137446,"[210, 211, 210, 209, 210]",0.09747226794926091,0.2320467915566795,-0.07704730365100776,-0.12939901052171543,-0.02435542096570502
D_reduced,PCA 95%,358.0,1.1843575418994414,0.6686943491119581,0.10530384813592272,0.7111952655464246,0.6451207214936614,0.7678219791844098,0.13216260190200074,"[356, 357, 356, 356, 356]",0.0848694692761291,0.20746918241952067,-0.10388813933521401,-0.15749930554110841,-0.0527653866549681
D_top30_columns,YPSY4E09;SP_MEAN;SP_SUM;P_PMDA1C04;SP_TOLERANCE;P_PMDA1C12;P_PYBRT1A;COHORT_SRC_e4;YBRT1A;YPSY4A07;YINT2A08;YINT1B00;YFAM2A02;PREV_HIGH_RISK;P_PFBRTA1;P_PMDA1C02;P_PMDA1B01;YFAM2A01;YPSY4E08;YMDA1B01;YTIM1C02;YPSY7A03;P_PMDA1C09;WAVE_IDX;YPSY3A02;SP_DAILY;YPSY7A01;YINT2A13;P_PPSY1A02;P_PFGENDER4,,,,,,,,,,,,,,
