analysis,feature,n_labels,verdict,example_labels,classifier,n_columns_integer,n_columns_onehot,AUROC_integer,AUROC_onehot,PR_AUC_integer,PR_AUC_onehot,delta_AUROC,delta_AUROC_lo,delta_AUROC_hi,delta_PR_AUC,delta_PR_AUC_lo,delta_PR_AUC_hi
E1_label_review,P_PARENT,7.0,"labelled, unordered categories",어머니; 아버지; (외)할머니; (외)할아버지,,,,,,,,,,,,,
E1_label_review,P_PFRELATION2,11.0,"labelled, unordered categories",아버지; 어머니; 형제자매; 할아버지,,,,,,,,,,,,,
E1_label_review,P_PFRELATION3,11.0,"labelled, unordered categories",아버지; 어머니; 형제자매; 할아버지,,,,,,,,,,,,,
E1_label_review,P_PFRELATION4,11.0,"labelled, unordered categories",아버지; 어머니; 형제자매; 할아버지,,,,,,,,,,,,,
E1_label_review,P_PJOB1,11.0,"labelled, unordered categories",관리자; 전문가 및 관련 종사자; 사무 종사자; 서비스 종사자,,,,,,,,,,,,,
E1_label_review,P_PJOB2,11.0,"labelled, unordered categories",관리자; 전문가 및 관련 종사자; 사무 종사자; 서비스 종사자,,,,,,,,,,,,,
E1_label_review,P_PWORKW1,3.0,"labelled, unordered categories",예; 아니오; 해당 없음,,,,,,,,,,,,,
E1_label_review,P_PWORKW2,3.0,"labelled, unordered categories",예; 아니오; 해당 없음,,,,,,,,,,,,,
E1_label_review,P_PWORKW3,3.0,"labelled, unordered categories",예; 아니오; 해당 없음,,,,,,,,,,,,,
E1_label_review,YACT1A01,4.0,"labelled, ordered wording",없다; 1~2회; 3~4회; 5회 이상,,,,,,,,,,,,,
E1_label_review,YACT1A02,4.0,"labelled, ordered wording",없다; 1~2회; 3~4회; 5회 이상,,,,,,,,,,,,,
E1_label_review,YACT1A03,4.0,"labelled, ordered wording",없다; 1~2회; 3~4회; 5회 이상,,,,,,,,,,,,,
E1_label_review,YACT1A04,4.0,"labelled, ordered wording",없다; 1~2회; 3~4회; 5회 이상,,,,,,,,,,,,,
E1_label_review,YACT1A05,4.0,"labelled, ordered wording",없다; 1~2회; 3~4회; 5회 이상,,,,,,,,,,,,,
E1_label_review,YACT1A06,4.0,"labelled, ordered wording",없다; 1~2회; 3~4회; 5회 이상,,,,,,,,,,,,,
E1_label_review,YACT1A07,4.0,"labelled, ordered wording",없다; 1~2회; 3~4회; 5회 이상,,,,,,,,,,,,,
E1_label_review,YACT1A08,4.0,"labelled, ordered wording",없다; 1~2회; 3~4회; 5회 이상,,,,,,,,,,,,,
E1_label_review,YACT1A09,4.0,"labelled, ordered wording",없다; 1~2회; 3~4회; 5회 이상,,,,,,,,,,,,,
E1_label_review,YACT1B01,4.0,"labelled, ordered wording",전혀 만족하지 않는다; 만족 하지않는 편이다; 만족 하는 편이다; 매우 만족 한다,,,,,,,,,,,,,
E1_label_review,YACT2A01,4.0,"labelled, ordered wording",없다; 1~2회; 3~4회; 5회 이상,,,,,,,,,,,,,
E1_label_review,YACT2A02,4.0,"labelled, ordered wording",없다; 1~2회; 3~4회; 5회 이상,,,,,,,,,,,,,
E1_label_review,YINT1A00,6.0,"labelled, ordered wording",매우 못함; 못함; 보통; 잘함,,,,,,,,,,,,,
E1_label_review,YINT2A01,4.0,"labelled, ordered wording",전혀 그렇지 않다; 그렇지 않은 편이다; 그런 편이다; 매우 그렇다,,,,,,,,,,,,,
E1_label_review,YINT2A02,4.0,"labelled, ordered wording",전혀 그렇지 않다; 그렇지 않은 편이다; 그런 편이다; 매우 그렇다,,,,,,,,,,,,,
E1_label_review,YINT2A03,4.0,"labelled, ordered wording",전혀 그렇지 않다; 그렇지 않은 편이다; 그런 편이다; 매우 그렇다,,,,,,,,,,,,,
E1_label_review,YINT2A04,4.0,"labelled, ordered wording",전혀 그렇지 않다; 그렇지 않은 편이다; 그런 편이다; 매우 그렇다,,,,,,,,,,,,,
E1_label_review,YINT2A05,4.0,"labelled, ordered wording",전혀 그렇지 않다; 그렇지 않은 편이다; 그런 편이다; 매우 그렇다,,,,,,,,,,,,,
E1_label_review,YINT2A06,4.0,"labelled, ordered wording",전혀 그렇지 않다; 그렇지 않은 편이다; 그런 편이다; 매우 그렇다,,,,,,,,,,,,,
E1_label_review,YINT2A07,4.0,"labelled, ordered wording",전혀 그렇지 않다; 그렇지 않은 편이다; 그런 편이다; 매우 그렇다,,,,,,,,,,,,,
E1_label_review,YINT2A08,4.0,"labelled, ordered wording",전혀 그렇지 않다; 그렇지 않은 편이다; 그런 편이다; 매우 그렇다,,,,,,,,,,,,,
E1_label_review,YINT2A09,4.0,"labelled, ordered wording",전혀 그렇지 않다; 그렇지 않은 편이다; 그런 편이다; 매우 그렇다,,,,,,,,,,,,,
E1_label_review,YINT2A10,4.0,"labelled, ordered wording",전혀 그렇지 않다; 그렇지 않은 편이다; 그런 편이다; 매우 그렇다,,,,,,,,,,,,,
E1_label_review,YINT2A11,4.0,"labelled, ordered wording",전혀 그렇지 않다; 그렇지 않은 편이다; 그런 편이다; 매우 그렇다,,,,,,,,,,,,,
E1_label_review,YINT2A12,4.0,"labelled, ordered wording",전혀 그렇지 않다; 그렇지 않은 편이다; 그런 편이다; 매우 그렇다,,,,,,,,,,,,,
E1_label_review,YINT2A13,4.0,"labelled, ordered wording",전혀 그렇지 않다; 그렇지 않은 편이다; 그런 편이다; 매우 그렇다,,,,,,,,,,,,,
E1_label_review,YINT2A14,4.0,"labelled, ordered wording",전혀 그렇지 않다; 그렇지 않은 편이다; 그런 편이다; 매우 그렇다,,,,,,,,,,,,,
E1_label_review,YINT2A15,4.0,"labelled, ordered wording",전혀 그렇지 않다; 그렇지 않은 편이다; 그런 편이다; 매우 그렇다,,,,,,,,,,,,,
E1_label_review,YINT2A16,4.0,"labelled, ordered wording",전혀 그렇지 않다; 그렇지 않은 편이다; 그런 편이다; 매우 그렇다,,,,,,,,,,,,,
E1_label_review,YMDA1A00,3.0,"labelled, unordered categories",예. 나의 스마트폰이 있음; 예. 나의 스마트폰은 없지만 부모님 등 다른 가족의 것을 이용함; 아니오. 스마트폰을 사용하지 않음,,,,,,,,,,,,,
E2_onehot,,,,,XGBoost,455.0,528.0,0.8150834048816387,0.8124540046608609,0.25077229844376847,0.25396442225212645,-0.002616700284565134,-0.012310020449464068,0.006257017968920619,0.005579071875147137,-0.017230011322745507,0.027200263745043994
E2_onehot,,,,,Elastic-net Logistic Regression,455.0,528.0,0.7426433010343841,0.7421577946768061,0.18339685136988432,0.19705031164389786,-0.0012181077206528633,-0.04149428349895262,0.03737400675287118,0.01416731291351958,-0.032824553968056155,0.06261704717921049
