step,unit,panel,n,note
1 enrolled,adolescents,m1,2590,
"2 wave records, all seven waves",wave records (slots),m1,18130,
"2 wave records, all seven waves",wave records with completed SAPS,m1,16061,
3 excluded: outside the G7-G10 window,wave records (slots),m1,7770,waves 5-7
3 excluded: outside the G7-G10 window,wave records with completed SAPS,m1,6513,
4 within-window records (G7-G10),wave records (slots),m1,10360,
4 within-window records (G7-G10),wave records with completed SAPS,m1,9548,
4 within-window records (G7-G10),adolescents with >= 1 completed SAPS,m1,2585,
1 enrolled,adolescents,e4,2607,
"2 wave records, all seven waves",wave records (slots),e4,18249,
"2 wave records, all seven waves",wave records with completed SAPS,e4,15975,
3 excluded: outside the G7-G10 window,wave records (slots),e4,7821,waves 1-3
3 excluded: outside the G7-G10 window,wave records with completed SAPS,e4,7099,
4 within-window records (G7-G10),wave records (slots),e4,10428,
4 within-window records (G7-G10),wave records with completed SAPS,e4,8876,
4 within-window records (G7-G10),adolescents with >= 1 completed SAPS,e4,2422,
"5 candidate pairs (t, t+1)",candidate pairs,m1,7770,
"5 candidate pairs (t, t+1)",adolescents,m1,2590,
"5 candidate pairs (t, t+1)",pairs with completed SAPS at both waves,m1,6810,
6 excluded: no outcome-wave SAPS,candidate pairs,m1,763,
6 excluded: no outcome-wave SAPS,of which: no youth participation at t+1,m1,683,
6 excluded: no outcome-wave SAPS,"of which: participated, SAPS not completed",m1,80,
6 excluded: no outcome-wave SAPS,adolescents with no remaining pair,m1,88,
7 full-spectrum file,transitions,m1,7007,
7 full-spectrum file,adolescents,m1,2502,
7 full-spectrum file,transitions without predictor-wave SAPS,m1,197,
8 excluded: potential risk at t+1,transitions,m1,1580,
8 excluded: potential risk at t+1,adolescents with no remaining transition,m1,158,
9 primary analytic file,transitions,m1,5427,
9 primary analytic file,adolescents,m1,2344,
9 primary analytic file,high-risk transitions,m1,268,
9 primary analytic file,transitions without predictor-wave SAPS,m1,153,
9 primary analytic file,adolescents contributing 1 transition(s),m1,419,
9 primary analytic file,adolescents contributing 2 transition(s),m1,767,
9 primary analytic file,adolescents contributing 3 transition(s),m1,1158,
9 primary analytic file,transitions G7->G8,m1,1879,
9 primary analytic file,transitions G8->G9,m1,1778,
9 primary analytic file,transitions G9->G10,m1,1770,
"5 candidate pairs (t, t+1)",candidate pairs,e4,7821,
"5 candidate pairs (t, t+1)",adolescents,e4,2607,
"5 candidate pairs (t, t+1)",pairs with completed SAPS at both waves,e4,6333,
6 excluded: no outcome-wave SAPS,candidate pairs,e4,1198,
6 excluded: no outcome-wave SAPS,of which: no youth participation at t+1,e4,1145,
6 excluded: no outcome-wave SAPS,"of which: participated, SAPS not completed",e4,53,
6 excluded: no outcome-wave SAPS,adolescents with no remaining pair,e4,227,
7 full-spectrum file,transitions,e4,6623,
7 full-spectrum file,adolescents,e4,2380,
7 full-spectrum file,transitions without predictor-wave SAPS,e4,290,
8 excluded: potential risk at t+1,transitions,e4,1078,
8 excluded: potential risk at t+1,adolescents with no remaining transition,e4,90,
9 primary analytic file,transitions,e4,5545,
9 primary analytic file,adolescents,e4,2290,
9 primary analytic file,high-risk transitions,e4,249,
9 primary analytic file,transitions without predictor-wave SAPS,e4,237,
9 primary analytic file,adolescents contributing 1 transition(s),e4,324,
9 primary analytic file,adolescents contributing 2 transition(s),e4,677,
9 primary analytic file,adolescents contributing 3 transition(s),e4,1289,
9 primary analytic file,transitions G7->G8,e4,1899,
9 primary analytic file,transitions G8->G9,e4,1860,
9 primary analytic file,transitions G9->G10,e4,1786,
"5 candidate pairs (t, t+1)",candidate pairs,all,15591,
"5 candidate pairs (t, t+1)",adolescents,all,5197,
"5 candidate pairs (t, t+1)",pairs with completed SAPS at both waves,all,13143,
6 excluded: no outcome-wave SAPS,candidate pairs,all,1961,
6 excluded: no outcome-wave SAPS,of which: no youth participation at t+1,all,1828,
6 excluded: no outcome-wave SAPS,"of which: participated, SAPS not completed",all,133,
6 excluded: no outcome-wave SAPS,adolescents with no remaining pair,all,315,
7 full-spectrum file,transitions,all,13630,
7 full-spectrum file,adolescents,all,4882,
7 full-spectrum file,transitions without predictor-wave SAPS,all,487,
8 excluded: potential risk at t+1,transitions,all,2658,
8 excluded: potential risk at t+1,adolescents with no remaining transition,all,248,
9 primary analytic file,transitions,all,10972,
9 primary analytic file,adolescents,all,4634,
9 primary analytic file,high-risk transitions,all,517,
9 primary analytic file,transitions without predictor-wave SAPS,all,390,
9 primary analytic file,adolescents contributing 1 transition(s),all,743,
9 primary analytic file,adolescents contributing 2 transition(s),all,1444,
9 primary analytic file,adolescents contributing 3 transition(s),all,2447,
9 primary analytic file,transitions G7->G8,all,3778,
9 primary analytic file,transitions G8->G9,all,3638,
9 primary analytic file,transitions G9->G10,all,3556,
10 development set,transitions,all,8775,
10 development set,adolescents,all,3707,
10 development set,high-risk transitions,all,424,
10 held-out test set,transitions,all,2197,
10 held-out test set,adolescents,all,927,
10 held-out test set,high-risk transitions,all,93,
