scale,n_items,summed_shap,per_item_shap,mean_abs_within_correlation,cronbach_alpha,pc1_variance_share,share_items_positive_pc1_loading,n_items_used,rank_summed,rank_per_item,rank_shift,perm_importance,perm_sd,rank_perm
After-school activity,13,0.0776587407453917,0.005973749288107053,0.29545599127133865,0.8216888565315629,0.36242536635619427,0.9230769230769231,13.0,22.0,33.0,-11.0,0.0012302475571363991,0.001221220036247865,20.0
Aggression,8,0.1634045576211065,0.020425569702638313,0.21836311777540507,0.3609525785169315,0.3313674114227379,0.5,8.0,13.0,14.0,-1.0,-0.0002605124902898659,0.0016577725486103421,38.0
Baseline SAPS,1,0.1514996588230133,0.1514996588230133,,,,,,14.0,6.0,8.0,0.0012925967946359085,0.0057670127664375525,19.0
Birth month,1,0.0028060793410986,0.0028060793410986,,,,,,41.0,40.0,1.0,0.00018219264892265218,0.0001924839160276165,31.0
Birth year,1,0.0156812611967325,0.0156812611967325,,,,,,37.0,17.0,20.0,-0.00028580992681632165,0.00030720023763507805,39.0
Career orientation,10,0.0644300627172924,0.00644300627172924,0.16203620874172955,0.5694069772587161,0.23241344627126265,0.9,10.0,23.0,32.0,-9.0,0.0006205537838831932,0.0008775748021307167,28.0
Cohort,1,0.1083370968699455,0.1083370968699455,,,,,,19.0,8.0,11.0,0.0014471922400752179,0.0018106016943974814,15.0
Daily smartphone use,1,0.1450921893119812,0.1450921893119812,,,,,,15.0,7.0,8.0,0.002750265750848363,0.002869687753093924,8.0
Delinquency,30,0.0475144412230292,0.0015838147074343065,0.3214276641380248,0.9135457600441199,0.495066117421882,1.0,30.0,28.0,43.0,-15.0,0.0015145243059814407,0.0015743618183024191,13.0
Depression,4,0.0159226731630042,0.00398066829075105,0.47300713263019206,0.32126388300269754,0.6022734015019992,0.75,4.0,36.0,37.0,-1.0,0.0014675068481949161,0.00045072076098133035,14.0
Device access,13,0.1941358181647956,0.014933524474215048,0.15369248131604868,0.7069510248927748,0.24475000758201934,0.9230769230769231,13.0,11.0,18.0,-7.0,0.005040961404799815,0.0020442300452387634,6.0
Family relationship,28,0.2855764494743198,0.010199158909797137,0.2907798125768236,0.2821414836890845,0.31823403845592224,0.5,28.0,8.0,24.0,-16.0,0.0023923964593809965,0.0016501681338738146,10.0
Father age,1,0.0631042495369911,0.0631042495369911,,,,,,24.0,10.0,14.0,0.00035045893127272907,0.0019676736327028472,29.0
Father info,7,0.0629989658482372,0.008999852264033886,0.09894529762584327,0.4374075104434823,0.25847834656998425,0.5714285714285714,7.0,25.0,26.0,-1.0,0.0013442137863363013,0.0008569428078455506,17.0
Household income,2,0.0375928899738937,0.01879644498694685,0.4795742631805591,-0.000726433098327206,0.509133806775343,0.5,2.0,33.0,16.0,17.0,0.0007774489962795005,0.000811720628469432,25.0
Household size,1,0.0024449073243886,0.0024449073243886,,,,,,42.0,41.0,1.0,0.0002263992804284798,0.00012328137188509305,30.0
Mother info,2,0.0463043712079525,0.02315218560397625,0.0658200718243941,-0.09021082870394315,0.5292812790760208,0.5,2.0,31.0,12.0,19.0,6.43934747945496e-05,0.0009512911773597196,33.0
Parent education involvement,4,0.0479302518069744,0.0119825629517436,0.08376381424471789,-0.01922400172301201,0.28216826947502294,0.5,4.0,27.0,20.0,7.0,0.001414739973016077,0.0008792942085045256,16.0
Parent health,5,0.0423843002645298,0.00847686005290596,0.10379671397648509,0.4986185437025406,0.34181545549728504,0.8,5.0,32.0,28.0,4.0,0.002225280060509427,0.0008618696590697403,11.0
Parent school involvement,3,0.1371372286230325,0.04571240954101083,0.1740494844731851,0.1344826945661619,0.485059917585287,0.6666666666666667,3.0,17.0,11.0,6.0,-0.0031184839936219677,0.0024055563483995055,44.0
Parent work hours,3,0.0149944756412878,0.004998158547095934,0.20446071847170408,-0.02567100147472845,0.49944111889493825,0.6666666666666667,3.0,38.0,35.0,3.0,0.0008159062103929027,0.00043812805980749037,23.0
Parent-reported family,9,0.0353653831225528,0.003929487013616978,0.23696333570470463,0.611666365270708,0.32637135721724453,0.5555555555555556,9.0,34.0,38.0,-4.0,0.0010778241138231005,0.0008384888575473047,22.0
Parental mediation,28,0.6408720754261594,0.022888288408077124,0.15417668420010164,0.765827553130409,0.2151668849386107,0.6785714285714286,28.0,1.0,13.0,-12.0,0.012311035815037397,0.004409393062473294,2.0
Parenting stress,58,0.4055527393356897,0.006992288609236029,0.10961307082399042,0.6610096452916805,0.14159878259538938,0.6724137931034483,58.0,5.0,31.0,-26.0,0.004298647737029282,0.0018333166984287523,7.0
Peer relationship,14,0.0473467059200629,0.003381907565718778,0.4783315264733004,0.9304009195609054,0.5266127529918191,1.0,14.0,29.0,39.0,-10.0,0.0007539402673862161,0.0005932984580419792,26.0
Physical health,5,0.0463735659141093,0.00927471318282186,0.13803186187825833,0.4804226349405566,0.3444554330475383,1.0,5.0,30.0,25.0,5.0,0.0012940022077762847,0.0007992043027310917,18.0
Prior high-risk,1,0.3801849484443664,0.3801849484443664,,,,,,6.0,2.0,4.0,0.005825692996443049,0.004995145181843357,4.0
Psychological well-being,36,0.4224044310394674,0.011733456417762984,0.3276286285478925,0.9425200113700964,0.34137101727623526,1.0,36.0,4.0,21.0,-17.0,0.0011059323766302864,0.0029135408561107717,21.0
SAPS change from baseline,1,0.0083902701735496,0.0083902701735496,,,,,,39.0,29.0,10.0,-0.00022128868719082374,0.00040657280130289986,37.0
SAPS mean score,1,0.4815746545791626,0.4815746545791626,,,,,,2.0,1.0,1.0,0.022865816263951906,0.005011543302294083,1.0
SAPS slope,1,0.0079455208033323,0.0079455208033323,,,,,,40.0,30.0,10.0,-0.00037102906905435716,0.0002934683646299509,40.0
SAPS sum score,1,0.2137450277805328,0.2137450277805328,,,,,,10.0,4.0,6.0,0.00530377366204669,0.002612491943079571,5.0
SAPS tolerance,1,0.1829467117786407,0.1829467117786407,,,,,,12.0,5.0,7.0,-0.001187957398094741,0.0023452768684252027,42.0
SAPS virtual-life,1,0.0190558787435293,0.0190558787435293,,,,,,35.0,15.0,20.0,0.0006794533709472917,0.0006868838542083065,27.0
SAPS withdrawal,1,0.0982957035303115,0.0982957035303115,,,,,,20.0,9.0,11.0,-0.00041510793572918647,0.00181645173114285,41.0
School engagement,28,0.1415188467362895,0.005054244526296054,0.2647362121325842,0.8615462243758151,0.3010668090374542,0.8214285714285714,28.0,16.0,34.0,-18.0,0.000803640786622467,0.0015276311251704508,24.0
Self-control,31,0.132691204387811,0.004280361431864871,0.10429820448232462,0.6707427596461297,0.14504229913084096,0.967741935483871,31.0,18.0,36.0,-18.0,0.00014462978862588848,0.0015722706314843106,32.0
Self-esteem,5,0.0576345091685652,0.011526901833713039,0.4623858449689807,0.8162746441443341,0.5849005564650441,1.0,5.0,26.0,22.0,4.0,-6.362688580890396e-05,0.0014652155436721836,35.0
Sex,1,0.0016999734798446,0.0016999734798446,,,,,,43.0,42.0,1.0,-7.755325238155697e-05,0.00012408956798889482,36.0
Smartphone use,34,0.4280208084965125,0.012588847308720955,0.3060190636907226,0.7678810931904405,0.3326100238065295,0.5294117647058824,34.0,3.0,19.0,-16.0,0.002694560284557823,0.0038665906064672896,9.0
Social anxiety,10,0.0885086695197969,0.00885086695197969,0.3820264716618569,0.29082303150841976,0.4440775087873355,0.5,10.0,21.0,27.0,-6.0,0.001551192812461677,0.0013373149637652196,12.0
Time use,32,0.3527375167468562,0.011023047398339257,0.09714663203454346,0.3856444391931042,0.11961974261524806,0.8125,32.0,7.0,23.0,-16.0,0.006133222944519373,0.002553117985613413,3.0
Twin,1,0.0002307532849954,0.0002307532849954,,,,,,44.0,44.0,0.0,-1.635389836051604e-05,0.00010831818307124142,34.0
Wave,1,0.2782799899578094,0.2782799899578094,,,,,,9.0,3.0,6.0,-0.003102002330430553,0.006043470698125766,43.0
