analysis,algorithm,model,label,hyperparameters,n_features,threshold,AUROC,AUROC_lo,AUROC_hi,PR_AUC,PR_AUC_lo,PR_AUC_hi,sensitivity,specificity,PPV,F1,accuracy,calibration_slope,calibration_intercept,Brier,Brier_recalibrated,net_benefit_at_005,net_benefit_at_010,net_benefit_at_020
I2_nested,XGBoost,M1,Current SAPS status only,"neutral, identical across feature sets",2.0,0.17,0.629034813361135,0.5726584915306302,0.6791020524449034,0.07835545867301894,0.05128539558657297,0.1188485216912433,0.10752688172043011,0.9876425855513308,0.2777777777777778,0.15503875968992248,0.9503868912152936,0.089397132396698,0.8120902478694916,0.04819312319159508,0.04039653271859857,-0.0010540689456914939,0.0013149243918474686,0.0
I2_nested,XGBoost,M2,All SAPS-derived history,"neutral, identical across feature sets",10.0,0.55,0.762359969745288,0.6997712210221025,0.81803840245583,0.2295339824657618,0.1373956718953988,0.3478916282035492,0.3763440860215054,0.9562737642585551,0.2755905511811024,0.3181818181818182,0.9317250796540737,0.5156963467597961,-1.9785118699073792,0.06352527439594269,0.0367891978120295,0.01571520973576408,0.010873413240277144,0.0038689121529358215
I2_nested,XGBoost,M3,SAPS history plus demographics and design,"neutral, identical across feature sets",15.0,0.51,0.7707387873584365,0.7071222370168337,0.826208822221866,0.20980086289229272,0.13447435590415777,0.3066271556481428,0.34408602150537637,0.9615019011406845,0.2831858407079646,0.3106796116504854,0.9353664087391899,0.5176319479942322,-1.5963472723960876,0.053766071796417236,0.036967635349351664,0.017607742615528353,0.011935467556769332,0.005575785161583979
I2_nested,XGBoost,M4,Full model (455 features),"neutral, identical across feature sets",455.0,0.35000000000000003,0.7987806124534936,0.7414861680965403,0.8487659739126028,0.21796222218917563,0.14246001647319137,0.3148049452249007,0.34408602150537637,0.9534220532319392,0.24615384615384617,0.28699551569506726,0.9276285844333182,0.6054553389549255,-1.0168870091438293,0.04637383669614792,0.03673968555261026,0.017511918165920033,0.011126283315632429,0.005006827492034592
I2_nested,XGBoost,M5,Full model without any SAPS-derived feature,"neutral, identical across feature sets",445.0,0.16,0.7131194039004048,0.6401899518969227,0.7805980286637606,0.1306144438300224,0.08480144529147084,0.19751441745080064,0.46236559139784944,0.8659695817490495,0.13230769230769232,0.20574162679425836,0.8488848429676832,0.5887088179588318,-0.8275056183338165,0.04570372775197029,0.039137094570879404,0.012002012313441772,0.0057654377181004385,0.0004551661356395082
I2_nested,XGBoost,M4t,Full model with the hyperparameters of the primary analysis,tuned on 455 features,455.0,0.33,0.8150834048816387,0.7631590248139793,0.8604906004999513,0.25077229844376847,0.16344487694029033,0.3608021400049738,0.3870967741935484,0.9600760456273765,0.3,0.3380281690140845,0.9358215748748293,0.6352963447570801,-0.8926161825656891,0.0436251275241375,0.03582401842800311,0.017248400929497164,0.013199817933545745,0.007851615839781521
I2_nested,LogRegEN,M1,Current SAPS status only,"neutral, identical across feature sets",2.0,0.5800000000000001,0.3988306962672227,0.3138341010680324,0.47727307032826666,0.09284379910912367,0.04687625469214264,0.16569824624404836,0.21505376344086022,0.9809885931558935,0.3333333333333333,0.26143790849673204,0.9485662266727356,0.14457491353010848,-0.13259107197259534,0.04976586721163789,0.03934261504825468,0.0017967084301559544,0.007080362109947908,0.004210286754665452
I2_nested,LogRegEN,M2,All SAPS-derived history,"neutral, identical across feature sets",10.0,0.8200000000000001,0.777574205813811,0.7201518648731469,0.8278265707150113,0.22234031605588042,0.14007418441708056,0.33277641048727524,0.3763440860215054,0.9667300380228137,0.3333333333333333,0.35353535353535354,0.941738734638143,0.6426131168643351,-3.567738325162906,0.19858243471152734,0.037198691148092794,0.015427736386939127,0.01284579982804835,0.004779244424214838
I2_nested,LogRegEN,M3,SAPS history plus demographics and design,"neutral, identical across feature sets",15.0,0.91,0.7605022691033976,0.6983902636520555,0.8136919952735909,0.19114680462343445,0.12137244135460393,0.283893780293326,0.24731182795698925,0.9790874524714829,0.34328358208955223,0.2875,0.948111060537096,0.5560551368590114,-3.7129068950642345,0.20789415198032266,0.03798568112956849,0.014325755216443473,0.010772265210135032,0.004779244424214838
I2_nested,LogRegEN,M4,Full model (455 features),"neutral, identical across feature sets",455.0,0.98,0.6898713152622756,0.6266265590945067,0.7444617003172406,0.08813708384808694,0.05774073626383581,0.1363902366872732,0.6989247311827957,0.5888783269961977,0.06989247311827956,0.1270772238514174,0.593536640873919,0.0740129051169756,-10.0,0.490327370733065,0.03988208815766719,0.009438708286419278,0.0,0.0
I2_nested,LogRegEN,M5,Full model without any SAPS-derived feature,"neutral, identical across feature sets",445.0,0.99,0.6319631832863158,0.5605437335539426,0.698393248405895,0.06683761998876621,0.04581538948031146,0.10064920346472594,0.6129032258064516,0.5746197718631179,0.059873949579831935,0.10909090909090909,0.5762403277196176,0.046053669952347456,-10.0,0.5202609660109402,0.04028854261960421,0.003617372972713983,0.0,0.0
I2_nested,LogRegEN,M4t,Full model with the hyperparameters of the primary analysis,tuned on 455 features,455.0,0.93,0.7426433010343841,0.6813378295229201,0.7938906521351395,0.18339685136988432,0.10639146771918756,0.28798422624081343,0.3333333333333333,0.9225285171102662,0.15979381443298968,0.21602787456445993,0.8975876194811107,1.3218503563668655,-4.936879764759203,0.6220891650205186,0.0380439350588577,0.01178640730182306,0.0041470692358266305,0.004779244424214839
I2_delta_vs_full,XGBoost,M1,Current SAPS status only,,,,0.17011008499235575,0.12346857873836191,0.22125019148462782,0.14394096395728484,0.08400550735115833,0.21007472645337036,,,,,,,,,,,,
I2_delta_vs_full,XGBoost,M2,All SAPS-derived history,,,,0.03673484917399588,0.0023107039223944055,0.07258336870503836,-0.010945537562134013,-0.08625783509574021,0.05109560077149317,,,,,,,,,,,,
I2_delta_vs_full,XGBoost,M3,SAPS history plus demographics and design,,,,0.028304219046093048,-0.0050386161794864935,0.06402221879587815,0.008974568135090144,-0.041800303603255096,0.056338795329606235,,,,,,,,,,,,
I2_delta_vs_full,XGBoost,M5,Full model without any SAPS-derived feature,,,,0.0840201138990033,0.018128724980436987,0.15427807094029963,0.08943241544182291,0.01766861444135969,0.16893419877547602,,,,,,,,,,,,
I2_delta_vs_full,LogRegEN,M1,Current SAPS status only,,,,0.2918117980269278,0.19150380880813134,0.3926225687597617,-0.00546520292130017,-0.06849138217250113,0.0461939887566109,,,,,,,,,,,,
I2_delta_vs_full,LogRegEN,M2,All SAPS-derived history,,,,-0.08750392594244401,-0.1429586391701013,-0.03160979239777903,-0.13879200752912418,-0.22585293153150876,-0.06922842526687148,,,,,,,,,,,,
I2_delta_vs_full,LogRegEN,M3,SAPS history plus demographics and design,,,,-0.07048548863508301,-0.12732194650108375,-0.011776885152179402,-0.10659408959563046,-0.1740742833217884,-0.0515951020775926,,,,,,,,,,,,
I2_delta_vs_full,LogRegEN,M5,Full model without any SAPS-derived feature,,,,0.056937013092687234,0.021713932528029296,0.0965983714519978,0.022419056732162213,0.008066933460105367,0.042398649840098564,,,,,,,,,,,,
