analysis,representation,fraction,rep,n_train,n_pos_train,AUROC,PR_AUC
L1_learning_curve,"455 item-level columns, tuned XGBoost",0.1,0,872,41,0.7088546138435748,0.1200041576641243
L1_learning_curve,"455 item-level columns, tuned XGBoost",0.1,1,898,34,0.7720752074900855,0.1844946898914364
L1_learning_curve,"455 item-level columns, tuned XGBoost",0.1,2,898,45,0.7428783883233167,0.1225014971009949
L1_learning_curve,"455 item-level columns, tuned XGBoost",0.2,0,1744,88,0.8027949834416779,0.2009342648847107
L1_learning_curve,"455 item-level columns, tuned XGBoost",0.2,1,1739,80,0.7911479414530439,0.2021912756236743
L1_learning_curve,"455 item-level columns, tuned XGBoost",0.2,2,1748,88,0.7933838259945214,0.1829920758906125
L1_learning_curve,"455 item-level columns, tuned XGBoost",0.3,0,2615,115,0.7891164806410726,0.1692428373884311
L1_learning_curve,"455 item-level columns, tuned XGBoost",0.3,1,2606,125,0.807995012061,0.2078062658013425
L1_learning_curve,"455 item-level columns, tuned XGBoost",0.3,2,2626,122,0.8074456232879512,0.1599011304637195
L1_learning_curve,"455 item-level columns, tuned XGBoost",0.4,0,3531,159,0.7959314567234965,0.1943732262311642
L1_learning_curve,"455 item-level columns, tuned XGBoost",0.4,1,3512,185,0.8172426305245513,0.2248624920782379
L1_learning_curve,"455 item-level columns, tuned XGBoost",0.4,2,3526,162,0.8030735107731306,0.1712185687463683
L1_learning_curve,"455 item-level columns, tuned XGBoost",0.5,0,4378,224,0.8054576025185004,0.2105815264137444
L1_learning_curve,"455 item-level columns, tuned XGBoost",0.5,1,4375,205,0.8077088188396909,0.181436763303467
L1_learning_curve,"455 item-level columns, tuned XGBoost",0.5,2,4390,216,0.8218012796925467,0.2640678027434647
L1_learning_curve,"455 item-level columns, tuned XGBoost",0.6,0,5254,256,0.8053707224334601,0.2334758981114736
L1_learning_curve,"455 item-level columns, tuned XGBoost",0.6,1,5292,257,0.813455680935443,0.2160866449640897
L1_learning_curve,"455 item-level columns, tuned XGBoost",0.6,2,5304,275,0.8089455824032052,0.2058999732176237
L1_learning_curve,"455 item-level columns, tuned XGBoost",0.8,0,7038,339,0.8091730038022814,0.2614727309472254
L1_learning_curve,"455 item-level columns, tuned XGBoost",0.8,1,6991,339,0.8039142033607262,0.239885001062341
L1_learning_curve,"455 item-level columns, tuned XGBoost",0.8,2,7030,329,0.8211113496054622,0.2306901612267181
L1_learning_curve,"455 item-level columns, tuned XGBoost",1.0,0,8775,424,0.8150834048816387,0.2507722984437684
L1_learning_curve,"42 scale-score columns, neutral XGBoost",0.1,0,872,41,0.7224896766016599,0.13806801646786696
L1_learning_curve,"42 scale-score columns, neutral XGBoost",0.1,1,898,34,0.7094806615151887,0.18420622498454506
L1_learning_curve,"42 scale-score columns, neutral XGBoost",0.1,2,898,45,0.7596258023631384,0.1419261133279171
L1_learning_curve,"42 scale-score columns, neutral XGBoost",0.2,0,1744,88,0.7769430475489595,0.18819468917637266
L1_learning_curve,"42 scale-score columns, neutral XGBoost",0.2,1,1739,80,0.7475673576188724,0.18212022752941165
L1_learning_curve,"42 scale-score columns, neutral XGBoost",0.2,2,1748,88,0.7728520176622102,0.21192676746172745
L1_learning_curve,"42 scale-score columns, neutral XGBoost",0.3,0,2615,115,0.7842793041416248,0.18366443993364132
L1_learning_curve,"42 scale-score columns, neutral XGBoost",0.3,1,2606,125,0.7964859560897829,0.21001388457166564
L1_learning_curve,"42 scale-score columns, neutral XGBoost",0.3,2,2626,122,0.7587135614702155,0.15572765212315384
L1_learning_curve,"42 scale-score columns, neutral XGBoost",0.4,0,3531,159,0.7523380964062308,0.20451241695411634
L1_learning_curve,"42 scale-score columns, neutral XGBoost",0.4,1,3512,185,0.7705292530356924,0.2010471986559856
L1_learning_curve,"42 scale-score columns, neutral XGBoost",0.4,2,3526,162,0.773764258555133,0.22805581966559416
L1_learning_curve,"42 scale-score columns, neutral XGBoost",0.5,0,4378,224,0.7770529253035692,0.22052114375184936
L1_learning_curve,"42 scale-score columns, neutral XGBoost",0.5,1,4375,205,0.7579035324420459,0.21751916514495379
L1_learning_curve,"42 scale-score columns, neutral XGBoost",0.5,2,4390,216,0.7856131689766549,0.20126294347247795
L1_learning_curve,"42 scale-score columns, neutral XGBoost",0.6,0,5254,256,0.7796721043378715,0.2079634819047535
L1_learning_curve,"42 scale-score columns, neutral XGBoost",0.6,1,5292,257,0.7460316243509547,0.20759374713862522
L1_learning_curve,"42 scale-score columns, neutral XGBoost",0.6,2,5304,275,0.7757803875873912,0.19444183128522355
L1_learning_curve,"42 scale-score columns, neutral XGBoost",0.8,0,7038,339,0.7778603990351202,0.2088151142771579
L1_learning_curve,"42 scale-score columns, neutral XGBoost",0.8,1,6991,339,0.7780775992477208,0.22197495100762815
L1_learning_curve,"42 scale-score columns, neutral XGBoost",0.8,2,7030,329,0.7744235250827916,0.22327430799590686
L1_learning_curve,"42 scale-score columns, neutral XGBoost",1.0,0,8775,424,0.7813381577333496,0.22176895669166302
