analysis,partition,variable,level,n,pct,mean,sd,value,lo,hi,mean_high,sd_high,mean_general,sd_general,auroc,rho_with_adolescent_saps,package,version
M4_table1,development,Sex,Male,4473.0,50.97435897435897,,,,,,,,,,,,,
M4_table1,development,Sex,Female,4073.0,46.41595441595442,,,,,,,,,,,,,
M4_table1,development,Sex,Missing,229.0,2.6096866096866096,,,,,,,,,,,,,
M4_table1,development,Income,< 200,351.0,4.0,,,,,,,,,,,,,
M4_table1,development,Income,200 to < 500,3456.0,39.38461538461539,,,,,,,,,,,,,
M4_table1,development,Income,500 to < 800,3616.0,41.20797720797721,,,,,,,,,,,,,
M4_table1,development,Income,>= 800,1118.0,12.74074074074074,,,,,,,,,,,,,
M4_table1,development,Income,Missing,234.0,2.6666666666666665,,,,,,,,,,,,,
M4_table1,development,YBRT1A,Missing,229.0,2.6096866096866096,2006.4857243154693,1.500097846096299,,,,,,,,,,,
M4_table1,development,P_PHOMPOP,Missing,231.0,2.6324786324786325,4.137874531835206,0.8743877175173819,,,,,,,,,,,
M4_table1,development,SP_SUM,Missing,313.0,3.566951566951567,31.42484046324746,7.008088751322713,,,,,,,,,,,
M4_table1,test,Sex,Male,1070.0,48.7027765134274,,,,,,,,,,,,,
M4_table1,test,Sex,Female,1075.0,48.93035958124715,,,,,,,,,,,,,
M4_table1,test,Sex,Missing,52.0,2.366863905325444,,,,,,,,,,,,,
M4_table1,test,Income,< 200,97.0,4.415111515703232,,,,,,,,,,,,,
M4_table1,test,Income,200 to < 500,871.0,39.64497041420118,,,,,,,,,,,,,
M4_table1,test,Income,500 to < 800,918.0,41.78425125170687,,,,,,,,,,,,,
M4_table1,test,Income,>= 800,256.0,11.652253072371415,,,,,,,,,,,,,
M4_table1,test,Income,Missing,55.0,2.5034137460172965,,,,,,,,,,,,,
M4_table1,test,YBRT1A,Missing,52.0,2.366863905325444,2006.5990675990677,1.4939551918640792,,,,,,,,,,,
M4_table1,test,P_PHOMPOP,Missing,55.0,2.5034137460172965,4.11391223155929,0.8359634266942841,,,,,,,,,,,
M4_table1,test,SP_SUM,Missing,77.0,3.5047792444242147,31.292924528301885,6.914603960604526,,,,,,,,,,,
M8_xgb_minus_lr_heldout,,,,,,,,0.07682243754855067,0.03885803881789348,0.11795860986744623,,,,,,,,
M9_caregiver_dependence,,,,10653.0,,,,,,,30.140280561122246,6.235695334657521,28.26649596218239,6.267918169573708,0.57924318205053,0.28891305467488543,,
M6_versions,,,,,,,,,,,,,,,,,numpy,2.2.1
M6_versions,,,,,,,,,,,,,,,,,pandas,3.0.3
M6_versions,,,,,,,,,,,,,,,,,scikit-learn,1.9.0
M6_versions,,,,,,,,,,,,,,,,,imbalanced-learn,0.14.1
M6_versions,,,,,,,,,,,,,,,,,xgboost,3.2.0
M6_versions,,,,,,,,,,,,,,,,,lightgbm,4.6.0
M6_versions,,,,,,,,,,,,,,,,,catboost,1.2.10
M6_versions,,,,,,,,,,,,,,,,,optuna,4.9.0
M6_versions,,,,,,,,,,,,,,,,,shap,0.51.0
M6_versions,,,,,,,,,,,,,,,,,scipy,1.15.1
M6_versions,,,,,,,,,,,,,,,,,matplotlib,3.10.0
M6_versions,,,,,,,,,,,,,,,,,python,3.11.4
