stratum,outcome,n,pct,denom
G7->G8,General use,3624,77.23785166240408,4692
G7->G8,Potential risk,914,19.47996589940324,4692
G7->G8,High risk,154,3.2821824381926685,4692
G8->G9,General use,3424,74.79248580166012,4578
G8->G9,Potential risk,940,20.53298383573613,4578
G8->G9,High risk,214,4.6745303626037575,4578
G9->G10,General use,3407,78.14220183486239,4360
G9->G10,Potential risk,804,18.440366972477065,4360
G9->G10,High risk,149,3.4174311926605507,4360
All transitions,General use,10455,76.70579603815114,13630
All transitions,Potential risk,2658,19.501100513573,13630
All transitions,High risk,517,3.793103448275862,13630
