feature,missing_overall,missing_m1,missing_e4,missing_G7->G8,missing_G8->G9,missing_G9->G10,cohort_gap,wave_range
YACT1B01,0.43073277433467005,0.3156440022111664,0.5433724075743913,0.4235044997353097,0.4117647058823529,0.4578177727784027,0.22772840536322492,0.046053066896049766
P_PJOB2,0.2993073277433467,0.30477243412566796,0.2939585211902615,0.30518793012175754,0.29741616272677296,0.2949943757030371,0.010813912935406456,0.01019355441872044
P_PFRELATION4,0.2014218009478673,0.19605675327068361,0.2066726780883679,0.2003705664372684,0.1937877954920286,0.21034870641169853,0.01061592481768428,0.016560910919669936
P_PFGENDER4,0.2014218009478673,0.19605675327068361,0.2066726780883679,0.2003705664372684,0.1937877954920286,0.21034870641169853,0.01061592481768428,0.016560910919669936
P_PFBRTA4,0.2014218009478673,0.19605675327068361,0.2066726780883679,0.2003705664372684,0.1937877954920286,0.21034870641169853,0.01061592481768428,0.016560910919669936
P_PFBRTB4,0.2014218009478673,0.19605675327068361,0.2066726780883679,0.2003705664372684,0.1937877954920286,0.21034870641169853,0.01061592481768428,0.016560910919669936
P_PEDU1C00,0.15548669340138535,0.14999078680670722,0.16086564472497747,0.16622551614610906,0.15173172072567345,0.14791901012373454,0.010874857918270253,0.01830650602237452
P_PEDU1B01,0.1553955523149836,0.1498065229408513,0.16086564472497747,0.16596082583377447,0.15173172072567345,0.14791901012373454,0.011059121784126158,0.018041815710039932
P_PEDU1B02,0.1553955523149836,0.1498065229408513,0.16086564472497747,0.16596082583377447,0.15173172072567345,0.14791901012373454,0.011059121784126158,0.018041815710039932
P_PJOB1,0.11483776886620488,0.11313801363552607,0.11650135256988278,0.10852302805717311,0.11764705882352941,0.1186726659167604,0.0033633389343567105,0.010149637859587293
SP_SUM_DELTA,0.06051768137076194,0.037589828634604756,0.0829576194770063,0.03732133403917417,0.07119296316657504,0.07424071991001124,0.04536779084240155,0.036919385870837075
P_PFBRTA3,0.04994531534815895,0.04330200847613783,0.05644724977457169,0.050555849655902596,0.04562946673996701,0.05371203599550056,0.013145241298433863,0.00808256925553355
P_PFBRTB3,0.04994531534815895,0.04330200847613783,0.05644724977457169,0.050555849655902596,0.04562946673996701,0.05371203599550056,0.013145241298433863,0.00808256925553355
P_PFRELATION3,0.04994531534815895,0.04330200847613783,0.05644724977457169,0.050555849655902596,0.04562946673996701,0.05371203599550056,0.013145241298433863,0.00808256925553355
P_PFGENDER3,0.04994531534815895,0.04330200847613783,0.05644724977457169,0.050555849655902596,0.04562946673996701,0.05371203599550056,0.013145241298433863,0.00808256925553355
SP_SUM_SLOPE,0.047666788188115206,0.0326147042564953,0.062398557258791704,0.0,0.07119296316657504,0.07424071991001124,0.029783853002296405,0.07424071991001124
P_PBRP2,0.04329201604083121,0.03390455131748664,0.05247971145175834,0.04287983059820011,0.04233095107201759,0.04471316085489314,0.018575160134271698,0.0023822097828755454
SP_SUM_BASELINE,0.04092234779438571,0.016030956329463792,0.06528403967538322,0.03732133403917417,0.04150632215503024,0.044150731158605176,0.049253083345919435,0.006829397119431008
P_PYBRP2,0.037641268683922716,0.02800810761009766,0.04706943192064923,0.037586024351508734,0.035733919736118745,0.03965129358830146,0.01906132431055157,0.003917373852182715
YMDA1B04,0.035545023696682464,0.028192371475953566,0.042741208295761945,0.03732133403917417,0.03380978559648158,0.03543307086614173,0.01454883681980838,0.003511548442692587
YMDA1B02,0.035545023696682464,0.028192371475953566,0.042741208295761945,0.03732133403917417,0.03380978559648158,0.03543307086614173,0.01454883681980838,0.003511548442692587
YMDA1B01,0.035545023696682464,0.028192371475953566,0.042741208295761945,0.03732133403917417,0.03380978559648158,0.03543307086614173,0.01454883681980838,0.003511548442692587
SP_MEAN,0.035545023696682464,0.028192371475953566,0.042741208295761945,0.03732133403917417,0.03380978559648158,0.03543307086614173,0.01454883681980838,0.003511548442692587
YMDA1B05,0.035545023696682464,0.028192371475953566,0.042741208295761945,0.03732133403917417,0.03380978559648158,0.03543307086614173,0.01454883681980838,0.003511548442692587
YMDA1B06,0.035545023696682464,0.028192371475953566,0.042741208295761945,0.03732133403917417,0.03380978559648158,0.03543307086614173,0.01454883681980838,0.003511548442692587
YMDA1B03,0.035545023696682464,0.028192371475953566,0.042741208295761945,0.03732133403917417,0.03380978559648158,0.03543307086614173,0.01454883681980838,0.003511548442692587
YMDA1B11,0.035545023696682464,0.028192371475953566,0.042741208295761945,0.03732133403917417,0.03380978559648158,0.03543307086614173,0.01454883681980838,0.003511548442692587
YMDA1B13,0.035545023696682464,0.028192371475953566,0.042741208295761945,0.03732133403917417,0.03380978559648158,0.03543307086614173,0.01454883681980838,0.003511548442692587
YMDA1B10,0.035545023696682464,0.028192371475953566,0.042741208295761945,0.03732133403917417,0.03380978559648158,0.03543307086614173,0.01454883681980838,0.003511548442692587
YMDA1B07,0.035545023696682464,0.028192371475953566,0.042741208295761945,0.03732133403917417,0.03380978559648158,0.03543307086614173,0.01454883681980838,0.003511548442692587
YMDA1B08,0.035545023696682464,0.028192371475953566,0.042741208295761945,0.03732133403917417,0.03380978559648158,0.03543307086614173,0.01454883681980838,0.003511548442692587
YMDA1B09,0.035545023696682464,0.028192371475953566,0.042741208295761945,0.03732133403917417,0.03380978559648158,0.03543307086614173,0.01454883681980838,0.003511548442692587
SP_TOLERANCE,0.035545023696682464,0.028192371475953566,0.042741208295761945,0.03732133403917417,0.03380978559648158,0.03543307086614173,0.01454883681980838,0.003511548442692587
SP_VIRTUAL,0.035545023696682464,0.028192371475953566,0.042741208295761945,0.03732133403917417,0.03380978559648158,0.03543307086614173,0.01454883681980838,0.003511548442692587
SP_WITHDRAWAL,0.035545023696682464,0.028192371475953566,0.042741208295761945,0.03732133403917417,0.03380978559648158,0.03543307086614173,0.01454883681980838,0.003511548442692587
SP_DAILY,0.035545023696682464,0.028192371475953566,0.042741208295761945,0.03732133403917417,0.03380978559648158,0.03543307086614173,0.01454883681980838,0.003511548442692587
SP_SUM,0.035545023696682464,0.028192371475953566,0.042741208295761945,0.03732133403917417,0.03380978559648158,0.03543307086614173,0.01454883681980838,0.003511548442692587
P_PMDA1C13,0.029074006562158222,0.02340151096370002,0.03462578899909829,0.029115934356802542,0.027212754260582738,0.03093363329583802,0.011224278035398268,0.003720879035255281
P_PMDA1C14,0.029074006562158222,0.02340151096370002,0.03462578899909829,0.029115934356802542,0.027212754260582738,0.03093363329583802,0.011224278035398268,0.003720879035255281
P_PMDA1C15,0.029074006562158222,0.02340151096370002,0.03462578899909829,0.029115934356802542,0.027212754260582738,0.03093363329583802,0.011224278035398268,0.003720879035255281
P_PMDA1C05,0.029074006562158222,0.02340151096370002,0.03462578899909829,0.029115934356802542,0.027212754260582738,0.03093363329583802,0.011224278035398268,0.003720879035255281
P_PMDA1C06,0.029074006562158222,0.02340151096370002,0.03462578899909829,0.029115934356802542,0.027212754260582738,0.03093363329583802,0.011224278035398268,0.003720879035255281
P_PMDA1C12,0.029074006562158222,0.02340151096370002,0.03462578899909829,0.029115934356802542,0.027212754260582738,0.03093363329583802,0.011224278035398268,0.003720879035255281
P_PMDA1C04,0.029074006562158222,0.02340151096370002,0.03462578899909829,0.029115934356802542,0.027212754260582738,0.03093363329583802,0.011224278035398268,0.003720879035255281
P_PMDA1C08,0.029074006562158222,0.02340151096370002,0.03462578899909829,0.029115934356802542,0.027212754260582738,0.03093363329583802,0.011224278035398268,0.003720879035255281
P_PMDA1C09,0.029074006562158222,0.02340151096370002,0.03462578899909829,0.029115934356802542,0.027212754260582738,0.03093363329583802,0.011224278035398268,0.003720879035255281
P_PMDA1C10,0.029074006562158222,0.02340151096370002,0.03462578899909829,0.029115934356802542,0.027212754260582738,0.03093363329583802,0.011224278035398268,0.003720879035255281
P_PMDA1C11,0.029074006562158222,0.02340151096370002,0.03462578899909829,0.029115934356802542,0.027212754260582738,0.03093363329583802,0.011224278035398268,0.003720879035255281
P_PMDA1C07,0.029074006562158222,0.02340151096370002,0.03462578899909829,0.029115934356802542,0.027212754260582738,0.03093363329583802,0.011224278035398268,0.003720879035255281
P_PMDA1C03,0.029074006562158222,0.02340151096370002,0.03462578899909829,0.029115934356802542,0.027212754260582738,0.03093363329583802,0.011224278035398268,0.003720879035255281
P_PMDA1C01,0.029074006562158222,0.02340151096370002,0.03462578899909829,0.029115934356802542,0.027212754260582738,0.03093363329583802,0.011224278035398268,0.003720879035255281
P_PMDA1C02,0.029074006562158222,0.02340151096370002,0.03462578899909829,0.029115934356802542,0.027212754260582738,0.03093363329583802,0.011224278035398268,0.003720879035255281
P_PMDA1B11,0.029074006562158222,0.02340151096370002,0.03462578899909829,0.029115934356802542,0.027212754260582738,0.03093363329583802,0.011224278035398268,0.003720879035255281
P_PMDA1B10,0.029074006562158222,0.02340151096370002,0.03462578899909829,0.029115934356802542,0.027212754260582738,0.03093363329583802,0.011224278035398268,0.003720879035255281
P_PMDA1B09,0.029074006562158222,0.02340151096370002,0.03462578899909829,0.029115934356802542,0.027212754260582738,0.03093363329583802,0.011224278035398268,0.003720879035255281
P_PMDA1B13,0.029074006562158222,0.02340151096370002,0.03462578899909829,0.029115934356802542,0.027212754260582738,0.03093363329583802,0.011224278035398268,0.003720879035255281
P_PMDA1B07,0.029074006562158222,0.02340151096370002,0.03462578899909829,0.029115934356802542,0.027212754260582738,0.03093363329583802,0.011224278035398268,0.003720879035255281
P_PMDA1B06,0.029074006562158222,0.02340151096370002,0.03462578899909829,0.029115934356802542,0.027212754260582738,0.03093363329583802,0.011224278035398268,0.003720879035255281
P_PMDA1B05,0.029074006562158222,0.02340151096370002,0.03462578899909829,0.029115934356802542,0.027212754260582738,0.03093363329583802,0.011224278035398268,0.003720879035255281
P_PMDA1B04,0.029074006562158222,0.02340151096370002,0.03462578899909829,0.029115934356802542,0.027212754260582738,0.03093363329583802,0.011224278035398268,0.003720879035255281
P_PMDA1B03,0.029074006562158222,0.02340151096370002,0.03462578899909829,0.029115934356802542,0.027212754260582738,0.03093363329583802,0.011224278035398268,0.003720879035255281
P_PMDA1B02,0.029074006562158222,0.02340151096370002,0.03462578899909829,0.029115934356802542,0.027212754260582738,0.03093363329583802,0.011224278035398268,0.003720879035255281
P_PMDA1B01,0.029074006562158222,0.02340151096370002,0.03462578899909829,0.029115934356802542,0.027212754260582738,0.03093363329583802,0.011224278035398268,0.003720879035255281
P_PMDA1B08,0.029074006562158222,0.02340151096370002,0.03462578899909829,0.029115934356802542,0.027212754260582738,0.03093363329583802,0.011224278035398268,0.003720879035255281
P_PPHY2B00,0.027160043747721473,0.020084761378293715,0.03408476104598738,0.029115934356802542,0.023639362286970864,0.028683914510686165,0.013999999667693663,0.005476572069831678
P_PPHY2A00,0.026339773970105725,0.018426386585590565,0.03408476104598738,0.026733721545791424,0.023639362286970864,0.028683914510686165,0.015658374460396814,0.0050445522237153005
P_PINCOME1,0.026339773970105725,0.018426386585590565,0.03408476104598738,0.026733721545791424,0.023639362286970864,0.028683914510686165,0.015658374460396814,0.0050445522237153005
P_PINCOME,0.026248632883703972,0.01824212271973466,0.03408476104598738,0.026469031233456855,0.023639362286970864,0.028683914510686165,0.01584263832625272,0.0050445522237153005
P_PFBRTB2,0.026066350710900472,0.017873594988022847,0.03408476104598738,0.02593965060878772,0.023639362286970864,0.028683914510686165,0.01621116605796453,0.0050445522237153005
P_PBRP1,0.026066350710900472,0.017873594988022847,0.03408476104598738,0.02593965060878772,0.023639362286970864,0.028683914510686165,0.01621116605796453,0.0050445522237153005
P_PARENT,0.026066350710900472,0.017873594988022847,0.03408476104598738,0.02593965060878772,0.023639362286970864,0.028683914510686165,0.01621116605796453,0.0050445522237153005
P_PMDA1A00,0.026066350710900472,0.017873594988022847,0.03408476104598738,0.02593965060878772,0.023639362286970864,0.028683914510686165,0.01621116605796453,0.0050445522237153005
P_PEDU1A00,0.026066350710900472,0.017873594988022847,0.03408476104598738,0.02593965060878772,0.023639362286970864,0.028683914510686165,0.01621116605796453,0.0050445522237153005
P_PFGENDER1,0.026066350710900472,0.017873594988022847,0.03408476104598738,0.02593965060878772,0.023639362286970864,0.028683914510686165,0.01621116605796453,0.0050445522237153005
P_PFGENDER2,0.026066350710900472,0.017873594988022847,0.03408476104598738,0.02593965060878772,0.023639362286970864,0.028683914510686165,0.01621116605796453,0.0050445522237153005
P_PFRELATION2,0.026066350710900472,0.017873594988022847,0.03408476104598738,0.02593965060878772,0.023639362286970864,0.028683914510686165,0.01621116605796453,0.0050445522237153005
P_PHOMPOP,0.026066350710900472,0.017873594988022847,0.03408476104598738,0.02593965060878772,0.023639362286970864,0.028683914510686165,0.01621116605796453,0.0050445522237153005
P_PPSY1A03,0.026066350710900472,0.017873594988022847,0.03408476104598738,0.02593965060878772,0.023639362286970864,0.028683914510686165,0.01621116605796453,0.0050445522237153005
P_PPSY1A01,0.026066350710900472,0.017873594988022847,0.03408476104598738,0.02593965060878772,0.023639362286970864,0.028683914510686165,0.01621116605796453,0.0050445522237153005
P_PPSY1A02,0.026066350710900472,0.017873594988022847,0.03408476104598738,0.02593965060878772,0.023639362286970864,0.028683914510686165,0.01621116605796453,0.0050445522237153005
P_PPSY3A06,0.026066350710900472,0.017873594988022847,0.03408476104598738,0.02593965060878772,0.023639362286970864,0.028683914510686165,0.01621116605796453,0.0050445522237153005
P_PPSY3A05,0.026066350710900472,0.017873594988022847,0.03408476104598738,0.02593965060878772,0.023639362286970864,0.028683914510686165,0.01621116605796453,0.0050445522237153005
P_PPSY3A04,0.026066350710900472,0.017873594988022847,0.03408476104598738,0.02593965060878772,0.023639362286970864,0.028683914510686165,0.01621116605796453,0.0050445522237153005
P_PPSY3A03,0.026066350710900472,0.017873594988022847,0.03408476104598738,0.02593965060878772,0.023639362286970864,0.028683914510686165,0.01621116605796453,0.0050445522237153005
P_PPSY3A02,0.026066350710900472,0.017873594988022847,0.03408476104598738,0.02593965060878772,0.023639362286970864,0.028683914510686165,0.01621116605796453,0.0050445522237153005
P_PPSY3A01,0.026066350710900472,0.017873594988022847,0.03408476104598738,0.02593965060878772,0.023639362286970864,0.028683914510686165,0.01621116605796453,0.0050445522237153005
P_PPSY2A04,0.026066350710900472,0.017873594988022847,0.03408476104598738,0.02593965060878772,0.023639362286970864,0.028683914510686165,0.01621116605796453,0.0050445522237153005
P_PPSY2A03,0.026066350710900472,0.017873594988022847,0.03408476104598738,0.02593965060878772,0.023639362286970864,0.028683914510686165,0.01621116605796453,0.0050445522237153005
P_PPSY2A02,0.026066350710900472,0.017873594988022847,0.03408476104598738,0.02593965060878772,0.023639362286970864,0.028683914510686165,0.01621116605796453,0.0050445522237153005
P_PPSY2A01,0.026066350710900472,0.017873594988022847,0.03408476104598738,0.02593965060878772,0.023639362286970864,0.028683914510686165,0.01621116605796453,0.0050445522237153005
P_PPSY1A05,0.026066350710900472,0.017873594988022847,0.03408476104598738,0.02593965060878772,0.023639362286970864,0.028683914510686165,0.01621116605796453,0.0050445522237153005
P_PPSY1A04,0.026066350710900472,0.017873594988022847,0.03408476104598738,0.02593965060878772,0.023639362286970864,0.028683914510686165,0.01621116605796453,0.0050445522237153005
P_PPHY1B00,0.026066350710900472,0.017873594988022847,0.03408476104598738,0.02593965060878772,0.023639362286970864,0.028683914510686165,0.01621116605796453,0.0050445522237153005
P_PPHY1C00,0.026066350710900472,0.017873594988022847,0.03408476104598738,0.02593965060878772,0.023639362286970864,0.028683914510686165,0.01621116605796453,0.0050445522237153005
P_PPHY1A00,0.026066350710900472,0.017873594988022847,0.03408476104598738,0.02593965060878772,0.023639362286970864,0.028683914510686165,0.01621116605796453,0.0050445522237153005
P_PPSY3A07,0.026066350710900472,0.017873594988022847,0.03408476104598738,0.02593965060878772,0.023639362286970864,0.028683914510686165,0.01621116605796453,0.0050445522237153005
P_PPSY4A29,0.026066350710900472,0.017873594988022847,0.03408476104598738,0.02593965060878772,0.023639362286970864,0.028683914510686165,0.01621116605796453,0.0050445522237153005
P_PPSY3A08,0.026066350710900472,0.017873594988022847,0.03408476104598738,0.02593965060878772,0.023639362286970864,0.028683914510686165,0.01621116605796453,0.0050445522237153005
P_PPSY3A09,0.026066350710900472,0.017873594988022847,0.03408476104598738,0.02593965060878772,0.023639362286970864,0.028683914510686165,0.01621116605796453,0.0050445522237153005
P_PPSY3A10,0.026066350710900472,0.017873594988022847,0.03408476104598738,0.02593965060878772,0.023639362286970864,0.028683914510686165,0.01621116605796453,0.0050445522237153005
P_PPSY4A01,0.026066350710900472,0.017873594988022847,0.03408476104598738,0.02593965060878772,0.023639362286970864,0.028683914510686165,0.01621116605796453,0.0050445522237153005
P_PPSY4A02,0.026066350710900472,0.017873594988022847,0.03408476104598738,0.02593965060878772,0.023639362286970864,0.028683914510686165,0.01621116605796453,0.0050445522237153005
P_PPSY4A03,0.026066350710900472,0.017873594988022847,0.03408476104598738,0.02593965060878772,0.023639362286970864,0.028683914510686165,0.01621116605796453,0.0050445522237153005
P_PPSY4A04,0.026066350710900472,0.017873594988022847,0.03408476104598738,0.02593965060878772,0.023639362286970864,0.028683914510686165,0.01621116605796453,0.0050445522237153005
P_PPSY4A05,0.026066350710900472,0.017873594988022847,0.03408476104598738,0.02593965060878772,0.023639362286970864,0.028683914510686165,0.01621116605796453,0.0050445522237153005
P_PPSY4A06,0.026066350710900472,0.017873594988022847,0.03408476104598738,0.02593965060878772,0.023639362286970864,0.028683914510686165,0.01621116605796453,0.0050445522237153005
P_PPSY4A07,0.026066350710900472,0.017873594988022847,0.03408476104598738,0.02593965060878772,0.023639362286970864,0.028683914510686165,0.01621116605796453,0.0050445522237153005
P_PPSY4A08,0.026066350710900472,0.017873594988022847,0.03408476104598738,0.02593965060878772,0.023639362286970864,0.028683914510686165,0.01621116605796453,0.0050445522237153005
P_PPSY4A09,0.026066350710900472,0.017873594988022847,0.03408476104598738,0.02593965060878772,0.023639362286970864,0.028683914510686165,0.01621116605796453,0.0050445522237153005
P_PPSY4A10,0.026066350710900472,0.017873594988022847,0.03408476104598738,0.02593965060878772,0.023639362286970864,0.028683914510686165,0.01621116605796453,0.0050445522237153005
P_PPSY4A11,0.026066350710900472,0.017873594988022847,0.03408476104598738,0.02593965060878772,0.023639362286970864,0.028683914510686165,0.01621116605796453,0.0050445522237153005
P_PPSY4A12,0.026066350710900472,0.017873594988022847,0.03408476104598738,0.02593965060878772,0.023639362286970864,0.028683914510686165,0.01621116605796453,0.0050445522237153005
P_PPSY4A13,0.026066350710900472,0.017873594988022847,0.03408476104598738,0.02593965060878772,0.023639362286970864,0.028683914510686165,0.01621116605796453,0.0050445522237153005
P_PPSY4A28,0.026066350710900472,0.017873594988022847,0.03408476104598738,0.02593965060878772,0.023639362286970864,0.028683914510686165,0.01621116605796453,0.0050445522237153005
P_PPSY4A26,0.026066350710900472,0.017873594988022847,0.03408476104598738,0.02593965060878772,0.023639362286970864,0.028683914510686165,0.01621116605796453,0.0050445522237153005
P_PPSY4A27,0.026066350710900472,0.017873594988022847,0.03408476104598738,0.02593965060878772,0.023639362286970864,0.028683914510686165,0.01621116605796453,0.0050445522237153005
P_PPSY4A24,0.026066350710900472,0.017873594988022847,0.03408476104598738,0.02593965060878772,0.023639362286970864,0.028683914510686165,0.01621116605796453,0.0050445522237153005
P_PPSY4A23,0.026066350710900472,0.017873594988022847,0.03408476104598738,0.02593965060878772,0.023639362286970864,0.028683914510686165,0.01621116605796453,0.0050445522237153005
P_PPSY4A22,0.026066350710900472,0.017873594988022847,0.03408476104598738,0.02593965060878772,0.023639362286970864,0.028683914510686165,0.01621116605796453,0.0050445522237153005
P_PPSY4A25,0.026066350710900472,0.017873594988022847,0.03408476104598738,0.02593965060878772,0.023639362286970864,0.028683914510686165,0.01621116605796453,0.0050445522237153005
P_PPSY4A20,0.026066350710900472,0.017873594988022847,0.03408476104598738,0.02593965060878772,0.023639362286970864,0.028683914510686165,0.01621116605796453,0.0050445522237153005
P_PPSY4A19,0.026066350710900472,0.017873594988022847,0.03408476104598738,0.02593965060878772,0.023639362286970864,0.028683914510686165,0.01621116605796453,0.0050445522237153005
P_PPSY4A18,0.026066350710900472,0.017873594988022847,0.03408476104598738,0.02593965060878772,0.023639362286970864,0.028683914510686165,0.01621116605796453,0.0050445522237153005
P_PPSY4A17,0.026066350710900472,0.017873594988022847,0.03408476104598738,0.02593965060878772,0.023639362286970864,0.028683914510686165,0.01621116605796453,0.0050445522237153005
P_PPSY4A16,0.026066350710900472,0.017873594988022847,0.03408476104598738,0.02593965060878772,0.023639362286970864,0.028683914510686165,0.01621116605796453,0.0050445522237153005
P_PPSY4A15,0.026066350710900472,0.017873594988022847,0.03408476104598738,0.02593965060878772,0.023639362286970864,0.028683914510686165,0.01621116605796453,0.0050445522237153005
P_PPSY4A14,0.026066350710900472,0.017873594988022847,0.03408476104598738,0.02593965060878772,0.023639362286970864,0.028683914510686165,0.01621116605796453,0.0050445522237153005
P_PPSY4A21,0.026066350710900472,0.017873594988022847,0.03408476104598738,0.02593965060878772,0.023639362286970864,0.028683914510686165,0.01621116605796453,0.0050445522237153005
P_PPSY4A30,0.026066350710900472,0.017873594988022847,0.03408476104598738,0.02593965060878772,0.023639362286970864,0.028683914510686165,0.01621116605796453,0.0050445522237153005
P_PPSY4Asc,0.026066350710900472,0.017873594988022847,0.03408476104598738,0.02593965060878772,0.023639362286970864,0.028683914510686165,0.01621116605796453,0.0050445522237153005
P_PPSY5A01,0.026066350710900472,0.017873594988022847,0.03408476104598738,0.02593965060878772,0.023639362286970864,0.028683914510686165,0.01621116605796453,0.0050445522237153005
P_PPSY5A02,0.026066350710900472,0.017873594988022847,0.03408476104598738,0.02593965060878772,0.023639362286970864,0.028683914510686165,0.01621116605796453,0.0050445522237153005
P_PPSY5A04,0.026066350710900472,0.017873594988022847,0.03408476104598738,0.02593965060878772,0.023639362286970864,0.028683914510686165,0.01621116605796453,0.0050445522237153005
P_PPSY5A03,0.026066350710900472,0.017873594988022847,0.03408476104598738,0.02593965060878772,0.023639362286970864,0.028683914510686165,0.01621116605796453,0.0050445522237153005
P_PPSY5A05,0.026066350710900472,0.017873594988022847,0.03408476104598738,0.02593965060878772,0.023639362286970864,0.028683914510686165,0.01621116605796453,0.0050445522237153005
P_PPSY5A06,0.026066350710900472,0.017873594988022847,0.03408476104598738,0.02593965060878772,0.023639362286970864,0.028683914510686165,0.01621116605796453,0.0050445522237153005
P_PSCHOOL2,0.026066350710900472,0.017873594988022847,0.03408476104598738,0.02593965060878772,0.023639362286970864,0.028683914510686165,0.01621116605796453,0.0050445522237153005
P_PPSY5A07,0.026066350710900472,0.017873594988022847,0.03408476104598738,0.02593965060878772,0.023639362286970864,0.028683914510686165,0.01621116605796453,0.0050445522237153005
P_PPSY5A08,0.026066350710900472,0.017873594988022847,0.03408476104598738,0.02593965060878772,0.023639362286970864,0.028683914510686165,0.01621116605796453,0.0050445522237153005
P_PSCHOOL1,0.026066350710900472,0.017873594988022847,0.03408476104598738,0.02593965060878772,0.023639362286970864,0.028683914510686165,0.01621116605796453,0.0050445522237153005
P_PWORKW1,0.026066350710900472,0.017873594988022847,0.03408476104598738,0.02593965060878772,0.023639362286970864,0.028683914510686165,0.01621116605796453,0.0050445522237153005
P_PSCHOOL3,0.026066350710900472,0.017873594988022847,0.03408476104598738,0.02593965060878772,0.023639362286970864,0.028683914510686165,0.01621116605796453,0.0050445522237153005
P_PWORKW2,0.026066350710900472,0.017873594988022847,0.03408476104598738,0.02593965060878772,0.023639362286970864,0.028683914510686165,0.01621116605796453,0.0050445522237153005
P_PWORKW3,0.026066350710900472,0.017873594988022847,0.03408476104598738,0.02593965060878772,0.023639362286970864,0.028683914510686165,0.01621116605796453,0.0050445522237153005
P_PYBRP1,0.026066350710900472,0.017873594988022847,0.03408476104598738,0.02593965060878772,0.023639362286970864,0.028683914510686165,0.01621116605796453,0.0050445522237153005
P_PYGENDER,0.026066350710900472,0.017873594988022847,0.03408476104598738,0.02593965060878772,0.023639362286970864,0.028683914510686165,0.01621116605796453,0.0050445522237153005
P_PYBRT1B,0.026066350710900472,0.017873594988022847,0.03408476104598738,0.02593965060878772,0.023639362286970864,0.028683914510686165,0.01621116605796453,0.0050445522237153005
P_PYBRT1A,0.026066350710900472,0.017873594988022847,0.03408476104598738,0.02593965060878772,0.023639362286970864,0.028683914510686165,0.01621116605796453,0.0050445522237153005
P_PFBRTA1,0.026066350710900472,0.017873594988022847,0.03408476104598738,0.02593965060878772,0.023639362286970864,0.028683914510686165,0.01621116605796453,0.0050445522237153005
P_PFAM3D00,0.026066350710900472,0.017873594988022847,0.03408476104598738,0.02593965060878772,0.023639362286970864,0.028683914510686165,0.01621116605796453,0.0050445522237153005
P_PFBRTB1,0.026066350710900472,0.017873594988022847,0.03408476104598738,0.02593965060878772,0.023639362286970864,0.028683914510686165,0.01621116605796453,0.0050445522237153005
P_PFBRTA2,0.026066350710900472,0.017873594988022847,0.03408476104598738,0.02593965060878772,0.023639362286970864,0.028683914510686165,0.01621116605796453,0.0050445522237153005
P_PFAM3B00,0.026066350710900472,0.017873594988022847,0.03408476104598738,0.02593965060878772,0.023639362286970864,0.028683914510686165,0.01621116605796453,0.0050445522237153005
P_PFAM3C00,0.026066350710900472,0.017873594988022847,0.03408476104598738,0.02593965060878772,0.023639362286970864,0.028683914510686165,0.01621116605796453,0.0050445522237153005
P_PFAM3A00,0.026066350710900472,0.017873594988022847,0.03408476104598738,0.02593965060878772,0.023639362286970864,0.028683914510686165,0.01621116605796453,0.0050445522237153005
P_PFAM2A04,0.026066350710900472,0.017873594988022847,0.03408476104598738,0.02593965060878772,0.023639362286970864,0.028683914510686165,0.01621116605796453,0.0050445522237153005
P_PFAM2A02,0.026066350710900472,0.017873594988022847,0.03408476104598738,0.02593965060878772,0.023639362286970864,0.028683914510686165,0.01621116605796453,0.0050445522237153005
P_PFAM2A03,0.026066350710900472,0.017873594988022847,0.03408476104598738,0.02593965060878772,0.023639362286970864,0.028683914510686165,0.01621116605796453,0.0050445522237153005
P_PFAM1A00,0.026066350710900472,0.017873594988022847,0.03408476104598738,0.02593965060878772,0.023639362286970864,0.028683914510686165,0.01621116605796453,0.0050445522237153005
P_PFAM2A01,0.026066350710900472,0.017873594988022847,0.03408476104598738,0.02593965060878772,0.023639362286970864,0.028683914510686165,0.01621116605796453,0.0050445522237153005
YPHY2B00,0.025884068538096973,0.018057858853878755,0.03354373309287646,0.026204340921122286,0.02336448598130841,0.0281214848143982,0.015485874238997707,0.00475699883308979
YPHY2A00,0.025792927451695223,0.017873594988022847,0.03354373309287646,0.02593965060878772,0.02336448598130841,0.0281214848143982,0.015670138104853615,0.00475699883308979
YTIM1K01,0.025610645278891724,0.017505067256311038,0.03354373309287646,0.02541026998411858,0.02336448598130841,0.0281214848143982,0.016038665836565425,0.00475699883308979
YTIM1L01,0.025610645278891724,0.017505067256311038,0.03354373309287646,0.02541026998411858,0.02336448598130841,0.0281214848143982,0.016038665836565425,0.00475699883308979
YPSY6A13,0.025610645278891724,0.017505067256311038,0.03354373309287646,0.02541026998411858,0.02336448598130841,0.0281214848143982,0.016038665836565425,0.00475699883308979
YDLQ1A14,0.025610645278891724,0.017505067256311038,0.03354373309287646,0.02541026998411858,0.02336448598130841,0.0281214848143982,0.016038665836565425,0.00475699883308979
YDLQ1A13,0.025610645278891724,0.017505067256311038,0.03354373309287646,0.02541026998411858,0.02336448598130841,0.0281214848143982,0.016038665836565425,0.00475699883308979
YDLQ1A12,0.025610645278891724,0.017505067256311038,0.03354373309287646,0.02541026998411858,0.02336448598130841,0.0281214848143982,0.016038665836565425,0.00475699883308979
YDLQ1A11,0.025610645278891724,0.017505067256311038,0.03354373309287646,0.02541026998411858,0.02336448598130841,0.0281214848143982,0.016038665836565425,0.00475699883308979
YDLQ1A10,0.025610645278891724,0.017505067256311038,0.03354373309287646,0.02541026998411858,0.02336448598130841,0.0281214848143982,0.016038665836565425,0.00475699883308979
YDLQ1A09,0.025610645278891724,0.017505067256311038,0.03354373309287646,0.02541026998411858,0.02336448598130841,0.0281214848143982,0.016038665836565425,0.00475699883308979
YDLQ1A08,0.025610645278891724,0.017505067256311038,0.03354373309287646,0.02541026998411858,0.02336448598130841,0.0281214848143982,0.016038665836565425,0.00475699883308979
YDLQ1A07,0.025610645278891724,0.017505067256311038,0.03354373309287646,0.02541026998411858,0.02336448598130841,0.0281214848143982,0.016038665836565425,0.00475699883308979
YTWIN,0.025610645278891724,0.017505067256311038,0.03354373309287646,0.02541026998411858,0.02336448598130841,0.0281214848143982,0.016038665836565425,0.00475699883308979
YTIM1N02,0.025610645278891724,0.017505067256311038,0.03354373309287646,0.02541026998411858,0.02336448598130841,0.0281214848143982,0.016038665836565425,0.00475699883308979
YTIM1N01,0.025610645278891724,0.017505067256311038,0.03354373309287646,0.02541026998411858,0.02336448598130841,0.0281214848143982,0.016038665836565425,0.00475699883308979
YTIM1M02,0.025610645278891724,0.017505067256311038,0.03354373309287646,0.02541026998411858,0.02336448598130841,0.0281214848143982,0.016038665836565425,0.00475699883308979
YTIM1M01,0.025610645278891724,0.017505067256311038,0.03354373309287646,0.02541026998411858,0.02336448598130841,0.0281214848143982,0.016038665836565425,0.00475699883308979
YTIM1L02,0.025610645278891724,0.017505067256311038,0.03354373309287646,0.02541026998411858,0.02336448598130841,0.0281214848143982,0.016038665836565425,0.00475699883308979
YTIM1I02,0.025610645278891724,0.017505067256311038,0.03354373309287646,0.02541026998411858,0.02336448598130841,0.0281214848143982,0.016038665836565425,0.00475699883308979
YPSY6A29,0.025610645278891724,0.017505067256311038,0.03354373309287646,0.02541026998411858,0.02336448598130841,0.0281214848143982,0.016038665836565425,0.00475699883308979
YDLQ2A15,0.025610645278891724,0.017505067256311038,0.03354373309287646,0.02541026998411858,0.02336448598130841,0.0281214848143982,0.016038665836565425,0.00475699883308979
YDLQ2A14,0.025610645278891724,0.017505067256311038,0.03354373309287646,0.02541026998411858,0.02336448598130841,0.0281214848143982,0.016038665836565425,0.00475699883308979
YDLQ2A13,0.025610645278891724,0.017505067256311038,0.03354373309287646,0.02541026998411858,0.02336448598130841,0.0281214848143982,0.016038665836565425,0.00475699883308979
YDLQ2A12,0.025610645278891724,0.017505067256311038,0.03354373309287646,0.02541026998411858,0.02336448598130841,0.0281214848143982,0.016038665836565425,0.00475699883308979
YDLQ2A11,0.025610645278891724,0.017505067256311038,0.03354373309287646,0.02541026998411858,0.02336448598130841,0.0281214848143982,0.016038665836565425,0.00475699883308979
YDLQ2A10,0.025610645278891724,0.017505067256311038,0.03354373309287646,0.02541026998411858,0.02336448598130841,0.0281214848143982,0.016038665836565425,0.00475699883308979
YDLQ2A09,0.025610645278891724,0.017505067256311038,0.03354373309287646,0.02541026998411858,0.02336448598130841,0.0281214848143982,0.016038665836565425,0.00475699883308979
YDLQ2A08,0.025610645278891724,0.017505067256311038,0.03354373309287646,0.02541026998411858,0.02336448598130841,0.0281214848143982,0.016038665836565425,0.00475699883308979
YDLQ2A07,0.025610645278891724,0.017505067256311038,0.03354373309287646,0.02541026998411858,0.02336448598130841,0.0281214848143982,0.016038665836565425,0.00475699883308979
YDLQ2A06,0.025610645278891724,0.017505067256311038,0.03354373309287646,0.02541026998411858,0.02336448598130841,0.0281214848143982,0.016038665836565425,0.00475699883308979
YDLQ2A05,0.025610645278891724,0.017505067256311038,0.03354373309287646,0.02541026998411858,0.02336448598130841,0.0281214848143982,0.016038665836565425,0.00475699883308979
YDLQ2A04,0.025610645278891724,0.017505067256311038,0.03354373309287646,0.02541026998411858,0.02336448598130841,0.0281214848143982,0.016038665836565425,0.00475699883308979
YDLQ2A03,0.025610645278891724,0.017505067256311038,0.03354373309287646,0.02541026998411858,0.02336448598130841,0.0281214848143982,0.016038665836565425,0.00475699883308979
YDLQ2A02,0.025610645278891724,0.017505067256311038,0.03354373309287646,0.02541026998411858,0.02336448598130841,0.0281214848143982,0.016038665836565425,0.00475699883308979
YDLQ2A01,0.025610645278891724,0.017505067256311038,0.03354373309287646,0.02541026998411858,0.02336448598130841,0.0281214848143982,0.016038665836565425,0.00475699883308979
YDLQ1A15,0.025610645278891724,0.017505067256311038,0.03354373309287646,0.02541026998411858,0.02336448598130841,0.0281214848143982,0.016038665836565425,0.00475699883308979
YEDU3A02,0.025610645278891724,0.017505067256311038,0.03354373309287646,0.02541026998411858,0.02336448598130841,0.0281214848143982,0.016038665836565425,0.00475699883308979
YEDU3A01,0.025610645278891724,0.017505067256311038,0.03354373309287646,0.02541026998411858,0.02336448598130841,0.0281214848143982,0.016038665836565425,0.00475699883308979
YEDU2A13,0.025610645278891724,0.017505067256311038,0.03354373309287646,0.02541026998411858,0.02336448598130841,0.0281214848143982,0.016038665836565425,0.00475699883308979
YEDU2A12,0.025610645278891724,0.017505067256311038,0.03354373309287646,0.02541026998411858,0.02336448598130841,0.0281214848143982,0.016038665836565425,0.00475699883308979
YEDU2A11,0.025610645278891724,0.017505067256311038,0.03354373309287646,0.02541026998411858,0.02336448598130841,0.0281214848143982,0.016038665836565425,0.00475699883308979
YEDU2A10,0.025610645278891724,0.017505067256311038,0.03354373309287646,0.02541026998411858,0.02336448598130841,0.0281214848143982,0.016038665836565425,0.00475699883308979
YEDU2A09,0.025610645278891724,0.017505067256311038,0.03354373309287646,0.02541026998411858,0.02336448598130841,0.0281214848143982,0.016038665836565425,0.00475699883308979
YEDU2A08,0.025610645278891724,0.017505067256311038,0.03354373309287646,0.02541026998411858,0.02336448598130841,0.0281214848143982,0.016038665836565425,0.00475699883308979
YEDU2A07,0.025610645278891724,0.017505067256311038,0.03354373309287646,0.02541026998411858,0.02336448598130841,0.0281214848143982,0.016038665836565425,0.00475699883308979
YEDU2A06,0.025610645278891724,0.017505067256311038,0.03354373309287646,0.02541026998411858,0.02336448598130841,0.0281214848143982,0.016038665836565425,0.00475699883308979
YEDU2A05,0.025610645278891724,0.017505067256311038,0.03354373309287646,0.02541026998411858,0.02336448598130841,0.0281214848143982,0.016038665836565425,0.00475699883308979
YEDU2A04,0.025610645278891724,0.017505067256311038,0.03354373309287646,0.02541026998411858,0.02336448598130841,0.0281214848143982,0.016038665836565425,0.00475699883308979
YEDU2A03,0.025610645278891724,0.017505067256311038,0.03354373309287646,0.02541026998411858,0.02336448598130841,0.0281214848143982,0.016038665836565425,0.00475699883308979
YEDU2A02,0.025610645278891724,0.017505067256311038,0.03354373309287646,0.02541026998411858,0.02336448598130841,0.0281214848143982,0.016038665836565425,0.00475699883308979
YEDU2A01,0.025610645278891724,0.017505067256311038,0.03354373309287646,0.02541026998411858,0.02336448598130841,0.0281214848143982,0.016038665836565425,0.00475699883308979
YEDU1A00,0.025610645278891724,0.017505067256311038,0.03354373309287646,0.02541026998411858,0.02336448598130841,0.0281214848143982,0.016038665836565425,0.00475699883308979
YFAM1A04,0.025610645278891724,0.017505067256311038,0.03354373309287646,0.02541026998411858,0.02336448598130841,0.0281214848143982,0.016038665836565425,0.00475699883308979
YFAM1A03,0.025610645278891724,0.017505067256311038,0.03354373309287646,0.02541026998411858,0.02336448598130841,0.0281214848143982,0.016038665836565425,0.00475699883308979
YFAM1A02,0.025610645278891724,0.017505067256311038,0.03354373309287646,0.02541026998411858,0.02336448598130841,0.0281214848143982,0.016038665836565425,0.00475699883308979
YFAM1A01,0.025610645278891724,0.017505067256311038,0.03354373309287646,0.02541026998411858,0.02336448598130841,0.0281214848143982,0.016038665836565425,0.00475699883308979
YEDU3A14,0.025610645278891724,0.017505067256311038,0.03354373309287646,0.02541026998411858,0.02336448598130841,0.0281214848143982,0.016038665836565425,0.00475699883308979
YEDU3A13,0.025610645278891724,0.017505067256311038,0.03354373309287646,0.02541026998411858,0.02336448598130841,0.0281214848143982,0.016038665836565425,0.00475699883308979
YEDU3A12,0.025610645278891724,0.017505067256311038,0.03354373309287646,0.02541026998411858,0.02336448598130841,0.0281214848143982,0.016038665836565425,0.00475699883308979
YEDU3A11,0.025610645278891724,0.017505067256311038,0.03354373309287646,0.02541026998411858,0.02336448598130841,0.0281214848143982,0.016038665836565425,0.00475699883308979
YEDU3A10,0.025610645278891724,0.017505067256311038,0.03354373309287646,0.02541026998411858,0.02336448598130841,0.0281214848143982,0.016038665836565425,0.00475699883308979
YEDU3A09,0.025610645278891724,0.017505067256311038,0.03354373309287646,0.02541026998411858,0.02336448598130841,0.0281214848143982,0.016038665836565425,0.00475699883308979
YEDU3A08,0.025610645278891724,0.017505067256311038,0.03354373309287646,0.02541026998411858,0.02336448598130841,0.0281214848143982,0.016038665836565425,0.00475699883308979
YEDU3A07,0.025610645278891724,0.017505067256311038,0.03354373309287646,0.02541026998411858,0.02336448598130841,0.0281214848143982,0.016038665836565425,0.00475699883308979
YEDU3A06,0.025610645278891724,0.017505067256311038,0.03354373309287646,0.02541026998411858,0.02336448598130841,0.0281214848143982,0.016038665836565425,0.00475699883308979
YEDU3A05,0.025610645278891724,0.017505067256311038,0.03354373309287646,0.02541026998411858,0.02336448598130841,0.0281214848143982,0.016038665836565425,0.00475699883308979
YEDU3A04,0.025610645278891724,0.017505067256311038,0.03354373309287646,0.02541026998411858,0.02336448598130841,0.0281214848143982,0.016038665836565425,0.00475699883308979
YEDU3A03,0.025610645278891724,0.017505067256311038,0.03354373309287646,0.02541026998411858,0.02336448598130841,0.0281214848143982,0.016038665836565425,0.00475699883308979
YFAM2D04,0.025610645278891724,0.017505067256311038,0.03354373309287646,0.02541026998411858,0.02336448598130841,0.0281214848143982,0.016038665836565425,0.00475699883308979
YFAM2D03,0.025610645278891724,0.017505067256311038,0.03354373309287646,0.02541026998411858,0.02336448598130841,0.0281214848143982,0.016038665836565425,0.00475699883308979
YFAM2D02,0.025610645278891724,0.017505067256311038,0.03354373309287646,0.02541026998411858,0.02336448598130841,0.0281214848143982,0.016038665836565425,0.00475699883308979
YFAM2D01,0.025610645278891724,0.017505067256311038,0.03354373309287646,0.02541026998411858,0.02336448598130841,0.0281214848143982,0.016038665836565425,0.00475699883308979
YFAM2C04,0.025610645278891724,0.017505067256311038,0.03354373309287646,0.02541026998411858,0.02336448598130841,0.0281214848143982,0.016038665836565425,0.00475699883308979
YFAM2C03,0.025610645278891724,0.017505067256311038,0.03354373309287646,0.02541026998411858,0.02336448598130841,0.0281214848143982,0.016038665836565425,0.00475699883308979
YFAM2C02,0.025610645278891724,0.017505067256311038,0.03354373309287646,0.02541026998411858,0.02336448598130841,0.0281214848143982,0.016038665836565425,0.00475699883308979
YFAM2C01,0.025610645278891724,0.017505067256311038,0.03354373309287646,0.02541026998411858,0.02336448598130841,0.0281214848143982,0.016038665836565425,0.00475699883308979
YFAM2B04,0.025610645278891724,0.017505067256311038,0.03354373309287646,0.02541026998411858,0.02336448598130841,0.0281214848143982,0.016038665836565425,0.00475699883308979
YFAM2B03,0.025610645278891724,0.017505067256311038,0.03354373309287646,0.02541026998411858,0.02336448598130841,0.0281214848143982,0.016038665836565425,0.00475699883308979
YFAM2B02,0.025610645278891724,0.017505067256311038,0.03354373309287646,0.02541026998411858,0.02336448598130841,0.0281214848143982,0.016038665836565425,0.00475699883308979
YFAM2B01,0.025610645278891724,0.017505067256311038,0.03354373309287646,0.02541026998411858,0.02336448598130841,0.0281214848143982,0.016038665836565425,0.00475699883308979
YFAM2A04,0.025610645278891724,0.017505067256311038,0.03354373309287646,0.02541026998411858,0.02336448598130841,0.0281214848143982,0.016038665836565425,0.00475699883308979
YFAM2A03,0.025610645278891724,0.017505067256311038,0.03354373309287646,0.02541026998411858,0.02336448598130841,0.0281214848143982,0.016038665836565425,0.00475699883308979
YFAM2A02,0.025610645278891724,0.017505067256311038,0.03354373309287646,0.02541026998411858,0.02336448598130841,0.0281214848143982,0.016038665836565425,0.00475699883308979
YFAM2A01,0.025610645278891724,0.017505067256311038,0.03354373309287646,0.02541026998411858,0.02336448598130841,0.0281214848143982,0.016038665836565425,0.00475699883308979
YFUR2A06,0.025610645278891724,0.017505067256311038,0.03354373309287646,0.02541026998411858,0.02336448598130841,0.0281214848143982,0.016038665836565425,0.00475699883308979
YFUR2A05,0.025610645278891724,0.017505067256311038,0.03354373309287646,0.02541026998411858,0.02336448598130841,0.0281214848143982,0.016038665836565425,0.00475699883308979
YFUR2A04,0.025610645278891724,0.017505067256311038,0.03354373309287646,0.02541026998411858,0.02336448598130841,0.0281214848143982,0.016038665836565425,0.00475699883308979
YFUR2A03,0.025610645278891724,0.017505067256311038,0.03354373309287646,0.02541026998411858,0.02336448598130841,0.0281214848143982,0.016038665836565425,0.00475699883308979
YFUR2A02,0.025610645278891724,0.017505067256311038,0.03354373309287646,0.02541026998411858,0.02336448598130841,0.0281214848143982,0.016038665836565425,0.00475699883308979
YFUR2A01,0.025610645278891724,0.017505067256311038,0.03354373309287646,0.02541026998411858,0.02336448598130841,0.0281214848143982,0.016038665836565425,0.00475699883308979
YFUR1B00,0.025610645278891724,0.017505067256311038,0.03354373309287646,0.02541026998411858,0.02336448598130841,0.0281214848143982,0.016038665836565425,0.00475699883308979
YFUR1A00,0.025610645278891724,0.017505067256311038,0.03354373309287646,0.02541026998411858,0.02336448598130841,0.0281214848143982,0.016038665836565425,0.00475699883308979
YFAM2F04,0.025610645278891724,0.017505067256311038,0.03354373309287646,0.02541026998411858,0.02336448598130841,0.0281214848143982,0.016038665836565425,0.00475699883308979
YFAM2F03,0.025610645278891724,0.017505067256311038,0.03354373309287646,0.02541026998411858,0.02336448598130841,0.0281214848143982,0.016038665836565425,0.00475699883308979
YFAM2F02,0.025610645278891724,0.017505067256311038,0.03354373309287646,0.02541026998411858,0.02336448598130841,0.0281214848143982,0.016038665836565425,0.00475699883308979
YFAM2F01,0.025610645278891724,0.017505067256311038,0.03354373309287646,0.02541026998411858,0.02336448598130841,0.0281214848143982,0.016038665836565425,0.00475699883308979
YFAM2E04,0.025610645278891724,0.017505067256311038,0.03354373309287646,0.02541026998411858,0.02336448598130841,0.0281214848143982,0.016038665836565425,0.00475699883308979
YFAM2E03,0.025610645278891724,0.017505067256311038,0.03354373309287646,0.02541026998411858,0.02336448598130841,0.0281214848143982,0.016038665836565425,0.00475699883308979
YFAM2E02,0.025610645278891724,0.017505067256311038,0.03354373309287646,0.02541026998411858,0.02336448598130841,0.0281214848143982,0.016038665836565425,0.00475699883308979
YFAM2E01,0.025610645278891724,0.017505067256311038,0.03354373309287646,0.02541026998411858,0.02336448598130841,0.0281214848143982,0.016038665836565425,0.00475699883308979
YINT2A11,0.025610645278891724,0.017505067256311038,0.03354373309287646,0.02541026998411858,0.02336448598130841,0.0281214848143982,0.016038665836565425,0.00475699883308979
YINT2A10,0.025610645278891724,0.017505067256311038,0.03354373309287646,0.02541026998411858,0.02336448598130841,0.0281214848143982,0.016038665836565425,0.00475699883308979
YINT2A09,0.025610645278891724,0.017505067256311038,0.03354373309287646,0.02541026998411858,0.02336448598130841,0.0281214848143982,0.016038665836565425,0.00475699883308979
YINT2A08,0.025610645278891724,0.017505067256311038,0.03354373309287646,0.02541026998411858,0.02336448598130841,0.0281214848143982,0.016038665836565425,0.00475699883308979
YINT2A07,0.025610645278891724,0.017505067256311038,0.03354373309287646,0.02541026998411858,0.02336448598130841,0.0281214848143982,0.016038665836565425,0.00475699883308979
YINT2A06,0.025610645278891724,0.017505067256311038,0.03354373309287646,0.02541026998411858,0.02336448598130841,0.0281214848143982,0.016038665836565425,0.00475699883308979
YINT2A05,0.025610645278891724,0.017505067256311038,0.03354373309287646,0.02541026998411858,0.02336448598130841,0.0281214848143982,0.016038665836565425,0.00475699883308979
YINT2A04,0.025610645278891724,0.017505067256311038,0.03354373309287646,0.02541026998411858,0.02336448598130841,0.0281214848143982,0.016038665836565425,0.00475699883308979
YINT2A03,0.025610645278891724,0.017505067256311038,0.03354373309287646,0.02541026998411858,0.02336448598130841,0.0281214848143982,0.016038665836565425,0.00475699883308979
YINT2A02,0.025610645278891724,0.017505067256311038,0.03354373309287646,0.02541026998411858,0.02336448598130841,0.0281214848143982,0.016038665836565425,0.00475699883308979
YINT2A01,0.025610645278891724,0.017505067256311038,0.03354373309287646,0.02541026998411858,0.02336448598130841,0.0281214848143982,0.016038665836565425,0.00475699883308979
YINT1B00,0.025610645278891724,0.017505067256311038,0.03354373309287646,0.02541026998411858,0.02336448598130841,0.0281214848143982,0.016038665836565425,0.00475699883308979
YINT1A00,0.025610645278891724,0.017505067256311038,0.03354373309287646,0.02541026998411858,0.02336448598130841,0.0281214848143982,0.016038665836565425,0.00475699883308979
YGENDER,0.025610645278891724,0.017505067256311038,0.03354373309287646,0.02541026998411858,0.02336448598130841,0.0281214848143982,0.016038665836565425,0.00475699883308979
YFUR2A08,0.025610645278891724,0.017505067256311038,0.03354373309287646,0.02541026998411858,0.02336448598130841,0.0281214848143982,0.016038665836565425,0.00475699883308979
YFUR2A07,0.025610645278891724,0.017505067256311038,0.03354373309287646,0.02541026998411858,0.02336448598130841,0.0281214848143982,0.016038665836565425,0.00475699883308979
YINT2B11,0.025610645278891724,0.017505067256311038,0.03354373309287646,0.02541026998411858,0.02336448598130841,0.0281214848143982,0.016038665836565425,0.00475699883308979
YINT2B10,0.025610645278891724,0.017505067256311038,0.03354373309287646,0.02541026998411858,0.02336448598130841,0.0281214848143982,0.016038665836565425,0.00475699883308979
YINT2B09,0.025610645278891724,0.017505067256311038,0.03354373309287646,0.02541026998411858,0.02336448598130841,0.0281214848143982,0.016038665836565425,0.00475699883308979
YINT2B08,0.025610645278891724,0.017505067256311038,0.03354373309287646,0.02541026998411858,0.02336448598130841,0.0281214848143982,0.016038665836565425,0.00475699883308979
YINT2B07,0.025610645278891724,0.017505067256311038,0.03354373309287646,0.02541026998411858,0.02336448598130841,0.0281214848143982,0.016038665836565425,0.00475699883308979
YINT2B06,0.025610645278891724,0.017505067256311038,0.03354373309287646,0.02541026998411858,0.02336448598130841,0.0281214848143982,0.016038665836565425,0.00475699883308979
YINT2B05,0.025610645278891724,0.017505067256311038,0.03354373309287646,0.02541026998411858,0.02336448598130841,0.0281214848143982,0.016038665836565425,0.00475699883308979
YINT2B04,0.025610645278891724,0.017505067256311038,0.03354373309287646,0.02541026998411858,0.02336448598130841,0.0281214848143982,0.016038665836565425,0.00475699883308979
YINT2B03,0.025610645278891724,0.017505067256311038,0.03354373309287646,0.02541026998411858,0.02336448598130841,0.0281214848143982,0.016038665836565425,0.00475699883308979
YINT2B02,0.025610645278891724,0.017505067256311038,0.03354373309287646,0.02541026998411858,0.02336448598130841,0.0281214848143982,0.016038665836565425,0.00475699883308979
YINT2B01,0.025610645278891724,0.017505067256311038,0.03354373309287646,0.02541026998411858,0.02336448598130841,0.0281214848143982,0.016038665836565425,0.00475699883308979
YINT2A16,0.025610645278891724,0.017505067256311038,0.03354373309287646,0.02541026998411858,0.02336448598130841,0.0281214848143982,0.016038665836565425,0.00475699883308979
YINT2A15,0.025610645278891724,0.017505067256311038,0.03354373309287646,0.02541026998411858,0.02336448598130841,0.0281214848143982,0.016038665836565425,0.00475699883308979
YINT2A14,0.025610645278891724,0.017505067256311038,0.03354373309287646,0.02541026998411858,0.02336448598130841,0.0281214848143982,0.016038665836565425,0.00475699883308979
YINT2A13,0.025610645278891724,0.017505067256311038,0.03354373309287646,0.02541026998411858,0.02336448598130841,0.0281214848143982,0.016038665836565425,0.00475699883308979
YINT2A12,0.025610645278891724,0.017505067256311038,0.03354373309287646,0.02541026998411858,0.02336448598130841,0.0281214848143982,0.016038665836565425,0.00475699883308979
YDLQ1A01,0.025610645278891724,0.017505067256311038,0.03354373309287646,0.02541026998411858,0.02336448598130841,0.0281214848143982,0.016038665836565425,0.00475699883308979
YBRT1B,0.025610645278891724,0.017505067256311038,0.03354373309287646,0.02541026998411858,0.02336448598130841,0.0281214848143982,0.016038665836565425,0.00475699883308979
YBRT1A,0.025610645278891724,0.017505067256311038,0.03354373309287646,0.02541026998411858,0.02336448598130841,0.0281214848143982,0.016038665836565425,0.00475699883308979
YACT3A00,0.025610645278891724,0.017505067256311038,0.03354373309287646,0.02541026998411858,0.02336448598130841,0.0281214848143982,0.016038665836565425,0.00475699883308979
YACT2A02,0.025610645278891724,0.017505067256311038,0.03354373309287646,0.02541026998411858,0.02336448598130841,0.0281214848143982,0.016038665836565425,0.00475699883308979
YACT2A01,0.025610645278891724,0.017505067256311038,0.03354373309287646,0.02541026998411858,0.02336448598130841,0.0281214848143982,0.016038665836565425,0.00475699883308979
YACT1A09,0.025610645278891724,0.017505067256311038,0.03354373309287646,0.02541026998411858,0.02336448598130841,0.0281214848143982,0.016038665836565425,0.00475699883308979
YACT1A08,0.025610645278891724,0.017505067256311038,0.03354373309287646,0.02541026998411858,0.02336448598130841,0.0281214848143982,0.016038665836565425,0.00475699883308979
YACT1A07,0.025610645278891724,0.017505067256311038,0.03354373309287646,0.02541026998411858,0.02336448598130841,0.0281214848143982,0.016038665836565425,0.00475699883308979
YACT1A06,0.025610645278891724,0.017505067256311038,0.03354373309287646,0.02541026998411858,0.02336448598130841,0.0281214848143982,0.016038665836565425,0.00475699883308979
YMDA1A00,0.025610645278891724,0.017505067256311038,0.03354373309287646,0.02541026998411858,0.02336448598130841,0.0281214848143982,0.016038665836565425,0.00475699883308979
YINT2B16,0.025610645278891724,0.017505067256311038,0.03354373309287646,0.02541026998411858,0.02336448598130841,0.0281214848143982,0.016038665836565425,0.00475699883308979
YINT2B15,0.025610645278891724,0.017505067256311038,0.03354373309287646,0.02541026998411858,0.02336448598130841,0.0281214848143982,0.016038665836565425,0.00475699883308979
YINT2B14,0.025610645278891724,0.017505067256311038,0.03354373309287646,0.02541026998411858,0.02336448598130841,0.0281214848143982,0.016038665836565425,0.00475699883308979
YINT2B13,0.025610645278891724,0.017505067256311038,0.03354373309287646,0.02541026998411858,0.02336448598130841,0.0281214848143982,0.016038665836565425,0.00475699883308979
YINT2B12,0.025610645278891724,0.017505067256311038,0.03354373309287646,0.02541026998411858,0.02336448598130841,0.0281214848143982,0.016038665836565425,0.00475699883308979
YPSY1A01,0.025610645278891724,0.017505067256311038,0.03354373309287646,0.02541026998411858,0.02336448598130841,0.0281214848143982,0.016038665836565425,0.00475699883308979
YTIM1B02,0.025610645278891724,0.017505067256311038,0.03354373309287646,0.02541026998411858,0.02336448598130841,0.0281214848143982,0.016038665836565425,0.00475699883308979
YTIM1B03,0.025610645278891724,0.017505067256311038,0.03354373309287646,0.02541026998411858,0.02336448598130841,0.0281214848143982,0.016038665836565425,0.00475699883308979
YPHY1C00,0.025610645278891724,0.017505067256311038,0.03354373309287646,0.02541026998411858,0.02336448598130841,0.0281214848143982,0.016038665836565425,0.00475699883308979
YPHY1B00,0.025610645278891724,0.017505067256311038,0.03354373309287646,0.02541026998411858,0.02336448598130841,0.0281214848143982,0.016038665836565425,0.00475699883308979
YPHY1A00,0.025610645278891724,0.017505067256311038,0.03354373309287646,0.02541026998411858,0.02336448598130841,0.0281214848143982,0.016038665836565425,0.00475699883308979
YACT1A05,0.025610645278891724,0.017505067256311038,0.03354373309287646,0.02541026998411858,0.02336448598130841,0.0281214848143982,0.016038665836565425,0.00475699883308979
YACT1A04,0.025610645278891724,0.017505067256311038,0.03354373309287646,0.02541026998411858,0.02336448598130841,0.0281214848143982,0.016038665836565425,0.00475699883308979
YACT1A03,0.025610645278891724,0.017505067256311038,0.03354373309287646,0.02541026998411858,0.02336448598130841,0.0281214848143982,0.016038665836565425,0.00475699883308979
YACT1A02,0.025610645278891724,0.017505067256311038,0.03354373309287646,0.02541026998411858,0.02336448598130841,0.0281214848143982,0.016038665836565425,0.00475699883308979
YACT1A01,0.025610645278891724,0.017505067256311038,0.03354373309287646,0.02541026998411858,0.02336448598130841,0.0281214848143982,0.016038665836565425,0.00475699883308979
YDLQ1A06,0.025610645278891724,0.017505067256311038,0.03354373309287646,0.02541026998411858,0.02336448598130841,0.0281214848143982,0.016038665836565425,0.00475699883308979
YDLQ1A05,0.025610645278891724,0.017505067256311038,0.03354373309287646,0.02541026998411858,0.02336448598130841,0.0281214848143982,0.016038665836565425,0.00475699883308979
YDLQ1A04,0.025610645278891724,0.017505067256311038,0.03354373309287646,0.02541026998411858,0.02336448598130841,0.0281214848143982,0.016038665836565425,0.00475699883308979
YDLQ1A03,0.025610645278891724,0.017505067256311038,0.03354373309287646,0.02541026998411858,0.02336448598130841,0.0281214848143982,0.016038665836565425,0.00475699883308979
YDLQ1A02,0.025610645278891724,0.017505067256311038,0.03354373309287646,0.02541026998411858,0.02336448598130841,0.0281214848143982,0.016038665836565425,0.00475699883308979
YPSY3A08,0.025610645278891724,0.017505067256311038,0.03354373309287646,0.02541026998411858,0.02336448598130841,0.0281214848143982,0.016038665836565425,0.00475699883308979
YPSY3A07,0.025610645278891724,0.017505067256311038,0.03354373309287646,0.02541026998411858,0.02336448598130841,0.0281214848143982,0.016038665836565425,0.00475699883308979
YPSY3A06,0.025610645278891724,0.017505067256311038,0.03354373309287646,0.02541026998411858,0.02336448598130841,0.0281214848143982,0.016038665836565425,0.00475699883308979
YPSY3A05,0.025610645278891724,0.017505067256311038,0.03354373309287646,0.02541026998411858,0.02336448598130841,0.0281214848143982,0.016038665836565425,0.00475699883308979
YPSY3A04,0.025610645278891724,0.017505067256311038,0.03354373309287646,0.02541026998411858,0.02336448598130841,0.0281214848143982,0.016038665836565425,0.00475699883308979
YPSY3A03,0.025610645278891724,0.017505067256311038,0.03354373309287646,0.02541026998411858,0.02336448598130841,0.0281214848143982,0.016038665836565425,0.00475699883308979
YPSY3A02,0.025610645278891724,0.017505067256311038,0.03354373309287646,0.02541026998411858,0.02336448598130841,0.0281214848143982,0.016038665836565425,0.00475699883308979
YPSY3A01,0.025610645278891724,0.017505067256311038,0.03354373309287646,0.02541026998411858,0.02336448598130841,0.0281214848143982,0.016038665836565425,0.00475699883308979
YPSY2A04,0.025610645278891724,0.017505067256311038,0.03354373309287646,0.02541026998411858,0.02336448598130841,0.0281214848143982,0.016038665836565425,0.00475699883308979
YPSY2A03,0.025610645278891724,0.017505067256311038,0.03354373309287646,0.02541026998411858,0.02336448598130841,0.0281214848143982,0.016038665836565425,0.00475699883308979
YPSY2A02,0.025610645278891724,0.017505067256311038,0.03354373309287646,0.02541026998411858,0.02336448598130841,0.0281214848143982,0.016038665836565425,0.00475699883308979
YPSY2A01,0.025610645278891724,0.017505067256311038,0.03354373309287646,0.02541026998411858,0.02336448598130841,0.0281214848143982,0.016038665836565425,0.00475699883308979
YPSY1A05,0.025610645278891724,0.017505067256311038,0.03354373309287646,0.02541026998411858,0.02336448598130841,0.0281214848143982,0.016038665836565425,0.00475699883308979
YPSY1A04,0.025610645278891724,0.017505067256311038,0.03354373309287646,0.02541026998411858,0.02336448598130841,0.0281214848143982,0.016038665836565425,0.00475699883308979
YPSY1A03,0.025610645278891724,0.017505067256311038,0.03354373309287646,0.02541026998411858,0.02336448598130841,0.0281214848143982,0.016038665836565425,0.00475699883308979
YPSY1A02,0.025610645278891724,0.017505067256311038,0.03354373309287646,0.02541026998411858,0.02336448598130841,0.0281214848143982,0.016038665836565425,0.00475699883308979
YPSY4C01,0.025610645278891724,0.017505067256311038,0.03354373309287646,0.02541026998411858,0.02336448598130841,0.0281214848143982,0.016038665836565425,0.00475699883308979
YPSY4B06,0.025610645278891724,0.017505067256311038,0.03354373309287646,0.02541026998411858,0.02336448598130841,0.0281214848143982,0.016038665836565425,0.00475699883308979
YPSY4B05,0.025610645278891724,0.017505067256311038,0.03354373309287646,0.02541026998411858,0.02336448598130841,0.0281214848143982,0.016038665836565425,0.00475699883308979
YPSY4B04,0.025610645278891724,0.017505067256311038,0.03354373309287646,0.02541026998411858,0.02336448598130841,0.0281214848143982,0.016038665836565425,0.00475699883308979
YPSY4B03,0.025610645278891724,0.017505067256311038,0.03354373309287646,0.02541026998411858,0.02336448598130841,0.0281214848143982,0.016038665836565425,0.00475699883308979
YPSY4B02,0.025610645278891724,0.017505067256311038,0.03354373309287646,0.02541026998411858,0.02336448598130841,0.0281214848143982,0.016038665836565425,0.00475699883308979
YPSY4B01,0.025610645278891724,0.017505067256311038,0.03354373309287646,0.02541026998411858,0.02336448598130841,0.0281214848143982,0.016038665836565425,0.00475699883308979
YPSY4A07,0.025610645278891724,0.017505067256311038,0.03354373309287646,0.02541026998411858,0.02336448598130841,0.0281214848143982,0.016038665836565425,0.00475699883308979
YPSY4A06,0.025610645278891724,0.017505067256311038,0.03354373309287646,0.02541026998411858,0.02336448598130841,0.0281214848143982,0.016038665836565425,0.00475699883308979
YPSY4A05,0.025610645278891724,0.017505067256311038,0.03354373309287646,0.02541026998411858,0.02336448598130841,0.0281214848143982,0.016038665836565425,0.00475699883308979
YPSY4A04,0.025610645278891724,0.017505067256311038,0.03354373309287646,0.02541026998411858,0.02336448598130841,0.0281214848143982,0.016038665836565425,0.00475699883308979
YPSY4A03,0.025610645278891724,0.017505067256311038,0.03354373309287646,0.02541026998411858,0.02336448598130841,0.0281214848143982,0.016038665836565425,0.00475699883308979
YPSY4A02,0.025610645278891724,0.017505067256311038,0.03354373309287646,0.02541026998411858,0.02336448598130841,0.0281214848143982,0.016038665836565425,0.00475699883308979
YPSY4A01,0.025610645278891724,0.017505067256311038,0.03354373309287646,0.02541026998411858,0.02336448598130841,0.0281214848143982,0.016038665836565425,0.00475699883308979
YPSY3A10,0.025610645278891724,0.017505067256311038,0.03354373309287646,0.02541026998411858,0.02336448598130841,0.0281214848143982,0.016038665836565425,0.00475699883308979
YPSY3A09,0.025610645278891724,0.017505067256311038,0.03354373309287646,0.02541026998411858,0.02336448598130841,0.0281214848143982,0.016038665836565425,0.00475699883308979
YPSY4E04,0.025610645278891724,0.017505067256311038,0.03354373309287646,0.02541026998411858,0.02336448598130841,0.0281214848143982,0.016038665836565425,0.00475699883308979
YPSY4E03,0.025610645278891724,0.017505067256311038,0.03354373309287646,0.02541026998411858,0.02336448598130841,0.0281214848143982,0.016038665836565425,0.00475699883308979
YPSY4E02,0.025610645278891724,0.017505067256311038,0.03354373309287646,0.02541026998411858,0.02336448598130841,0.0281214848143982,0.016038665836565425,0.00475699883308979
YPSY4E01,0.025610645278891724,0.017505067256311038,0.03354373309287646,0.02541026998411858,0.02336448598130841,0.0281214848143982,0.016038665836565425,0.00475699883308979
YPSY4D05,0.025610645278891724,0.017505067256311038,0.03354373309287646,0.02541026998411858,0.02336448598130841,0.0281214848143982,0.016038665836565425,0.00475699883308979
YPSY4D04,0.025610645278891724,0.017505067256311038,0.03354373309287646,0.02541026998411858,0.02336448598130841,0.0281214848143982,0.016038665836565425,0.00475699883308979
YPSY4D03,0.025610645278891724,0.017505067256311038,0.03354373309287646,0.02541026998411858,0.02336448598130841,0.0281214848143982,0.016038665836565425,0.00475699883308979
YPSY4D02,0.025610645278891724,0.017505067256311038,0.03354373309287646,0.02541026998411858,0.02336448598130841,0.0281214848143982,0.016038665836565425,0.00475699883308979
YPSY4D01,0.025610645278891724,0.017505067256311038,0.03354373309287646,0.02541026998411858,0.02336448598130841,0.0281214848143982,0.016038665836565425,0.00475699883308979
YPSY4C08,0.025610645278891724,0.017505067256311038,0.03354373309287646,0.02541026998411858,0.02336448598130841,0.0281214848143982,0.016038665836565425,0.00475699883308979
YPSY4C07,0.025610645278891724,0.017505067256311038,0.03354373309287646,0.02541026998411858,0.02336448598130841,0.0281214848143982,0.016038665836565425,0.00475699883308979
YPSY4C06,0.025610645278891724,0.017505067256311038,0.03354373309287646,0.02541026998411858,0.02336448598130841,0.0281214848143982,0.016038665836565425,0.00475699883308979
YPSY4C05,0.025610645278891724,0.017505067256311038,0.03354373309287646,0.02541026998411858,0.02336448598130841,0.0281214848143982,0.016038665836565425,0.00475699883308979
YPSY4C04,0.025610645278891724,0.017505067256311038,0.03354373309287646,0.02541026998411858,0.02336448598130841,0.0281214848143982,0.016038665836565425,0.00475699883308979
YPSY4C03,0.025610645278891724,0.017505067256311038,0.03354373309287646,0.02541026998411858,0.02336448598130841,0.0281214848143982,0.016038665836565425,0.00475699883308979
YPSY4C02,0.025610645278891724,0.017505067256311038,0.03354373309287646,0.02541026998411858,0.02336448598130841,0.0281214848143982,0.016038665836565425,0.00475699883308979
YPSY5A10,0.025610645278891724,0.017505067256311038,0.03354373309287646,0.02541026998411858,0.02336448598130841,0.0281214848143982,0.016038665836565425,0.00475699883308979
YPSY5A09,0.025610645278891724,0.017505067256311038,0.03354373309287646,0.02541026998411858,0.02336448598130841,0.0281214848143982,0.016038665836565425,0.00475699883308979
YPSY5A08,0.025610645278891724,0.017505067256311038,0.03354373309287646,0.02541026998411858,0.02336448598130841,0.0281214848143982,0.016038665836565425,0.00475699883308979
YPSY5A07,0.025610645278891724,0.017505067256311038,0.03354373309287646,0.02541026998411858,0.02336448598130841,0.0281214848143982,0.016038665836565425,0.00475699883308979
YPSY5A06,0.025610645278891724,0.017505067256311038,0.03354373309287646,0.02541026998411858,0.02336448598130841,0.0281214848143982,0.016038665836565425,0.00475699883308979
YPSY5A05,0.025610645278891724,0.017505067256311038,0.03354373309287646,0.02541026998411858,0.02336448598130841,0.0281214848143982,0.016038665836565425,0.00475699883308979
YPSY5A04,0.025610645278891724,0.017505067256311038,0.03354373309287646,0.02541026998411858,0.02336448598130841,0.0281214848143982,0.016038665836565425,0.00475699883308979
YPSY5A03,0.025610645278891724,0.017505067256311038,0.03354373309287646,0.02541026998411858,0.02336448598130841,0.0281214848143982,0.016038665836565425,0.00475699883308979
YPSY5A02,0.025610645278891724,0.017505067256311038,0.03354373309287646,0.02541026998411858,0.02336448598130841,0.0281214848143982,0.016038665836565425,0.00475699883308979
YPSY5A01,0.025610645278891724,0.017505067256311038,0.03354373309287646,0.02541026998411858,0.02336448598130841,0.0281214848143982,0.016038665836565425,0.00475699883308979
YPSY4E10,0.025610645278891724,0.017505067256311038,0.03354373309287646,0.02541026998411858,0.02336448598130841,0.0281214848143982,0.016038665836565425,0.00475699883308979
YPSY4E09,0.025610645278891724,0.017505067256311038,0.03354373309287646,0.02541026998411858,0.02336448598130841,0.0281214848143982,0.016038665836565425,0.00475699883308979
YPSY4E08,0.025610645278891724,0.017505067256311038,0.03354373309287646,0.02541026998411858,0.02336448598130841,0.0281214848143982,0.016038665836565425,0.00475699883308979
YPSY4E07,0.025610645278891724,0.017505067256311038,0.03354373309287646,0.02541026998411858,0.02336448598130841,0.0281214848143982,0.016038665836565425,0.00475699883308979
YPSY4E06,0.025610645278891724,0.017505067256311038,0.03354373309287646,0.02541026998411858,0.02336448598130841,0.0281214848143982,0.016038665836565425,0.00475699883308979
YPSY4E05,0.025610645278891724,0.017505067256311038,0.03354373309287646,0.02541026998411858,0.02336448598130841,0.0281214848143982,0.016038665836565425,0.00475699883308979
YPSY6A12,0.025610645278891724,0.017505067256311038,0.03354373309287646,0.02541026998411858,0.02336448598130841,0.0281214848143982,0.016038665836565425,0.00475699883308979
YPSY6A11,0.025610645278891724,0.017505067256311038,0.03354373309287646,0.02541026998411858,0.02336448598130841,0.0281214848143982,0.016038665836565425,0.00475699883308979
YPSY6A10,0.025610645278891724,0.017505067256311038,0.03354373309287646,0.02541026998411858,0.02336448598130841,0.0281214848143982,0.016038665836565425,0.00475699883308979
YPSY6A09,0.025610645278891724,0.017505067256311038,0.03354373309287646,0.02541026998411858,0.02336448598130841,0.0281214848143982,0.016038665836565425,0.00475699883308979
YPSY6A08,0.025610645278891724,0.017505067256311038,0.03354373309287646,0.02541026998411858,0.02336448598130841,0.0281214848143982,0.016038665836565425,0.00475699883308979
YPSY6A07,0.025610645278891724,0.017505067256311038,0.03354373309287646,0.02541026998411858,0.02336448598130841,0.0281214848143982,0.016038665836565425,0.00475699883308979
YPSY6A06,0.025610645278891724,0.017505067256311038,0.03354373309287646,0.02541026998411858,0.02336448598130841,0.0281214848143982,0.016038665836565425,0.00475699883308979
YPSY6A05,0.025610645278891724,0.017505067256311038,0.03354373309287646,0.02541026998411858,0.02336448598130841,0.0281214848143982,0.016038665836565425,0.00475699883308979
YPSY6A04,0.025610645278891724,0.017505067256311038,0.03354373309287646,0.02541026998411858,0.02336448598130841,0.0281214848143982,0.016038665836565425,0.00475699883308979
YPSY6A03,0.025610645278891724,0.017505067256311038,0.03354373309287646,0.02541026998411858,0.02336448598130841,0.0281214848143982,0.016038665836565425,0.00475699883308979
YPSY6A02,0.025610645278891724,0.017505067256311038,0.03354373309287646,0.02541026998411858,0.02336448598130841,0.0281214848143982,0.016038665836565425,0.00475699883308979
YPSY6A01,0.025610645278891724,0.017505067256311038,0.03354373309287646,0.02541026998411858,0.02336448598130841,0.0281214848143982,0.016038665836565425,0.00475699883308979
YPSY5A14,0.025610645278891724,0.017505067256311038,0.03354373309287646,0.02541026998411858,0.02336448598130841,0.0281214848143982,0.016038665836565425,0.00475699883308979
YPSY5A13,0.025610645278891724,0.017505067256311038,0.03354373309287646,0.02541026998411858,0.02336448598130841,0.0281214848143982,0.016038665836565425,0.00475699883308979
YPSY5A12,0.025610645278891724,0.017505067256311038,0.03354373309287646,0.02541026998411858,0.02336448598130841,0.0281214848143982,0.016038665836565425,0.00475699883308979
YPSY5A11,0.025610645278891724,0.017505067256311038,0.03354373309287646,0.02541026998411858,0.02336448598130841,0.0281214848143982,0.016038665836565425,0.00475699883308979
YPSY6A28,0.025610645278891724,0.017505067256311038,0.03354373309287646,0.02541026998411858,0.02336448598130841,0.0281214848143982,0.016038665836565425,0.00475699883308979
YPSY6A27,0.025610645278891724,0.017505067256311038,0.03354373309287646,0.02541026998411858,0.02336448598130841,0.0281214848143982,0.016038665836565425,0.00475699883308979
YPSY6A26,0.025610645278891724,0.017505067256311038,0.03354373309287646,0.02541026998411858,0.02336448598130841,0.0281214848143982,0.016038665836565425,0.00475699883308979
YPSY6A25,0.025610645278891724,0.017505067256311038,0.03354373309287646,0.02541026998411858,0.02336448598130841,0.0281214848143982,0.016038665836565425,0.00475699883308979
YPSY6A24,0.025610645278891724,0.017505067256311038,0.03354373309287646,0.02541026998411858,0.02336448598130841,0.0281214848143982,0.016038665836565425,0.00475699883308979
YPSY6A23,0.025610645278891724,0.017505067256311038,0.03354373309287646,0.02541026998411858,0.02336448598130841,0.0281214848143982,0.016038665836565425,0.00475699883308979
YPSY6A22,0.025610645278891724,0.017505067256311038,0.03354373309287646,0.02541026998411858,0.02336448598130841,0.0281214848143982,0.016038665836565425,0.00475699883308979
YPSY6A21,0.025610645278891724,0.017505067256311038,0.03354373309287646,0.02541026998411858,0.02336448598130841,0.0281214848143982,0.016038665836565425,0.00475699883308979
YPSY6A20,0.025610645278891724,0.017505067256311038,0.03354373309287646,0.02541026998411858,0.02336448598130841,0.0281214848143982,0.016038665836565425,0.00475699883308979
YPSY6A19,0.025610645278891724,0.017505067256311038,0.03354373309287646,0.02541026998411858,0.02336448598130841,0.0281214848143982,0.016038665836565425,0.00475699883308979
YPSY6A18,0.025610645278891724,0.017505067256311038,0.03354373309287646,0.02541026998411858,0.02336448598130841,0.0281214848143982,0.016038665836565425,0.00475699883308979
YPSY6A17,0.025610645278891724,0.017505067256311038,0.03354373309287646,0.02541026998411858,0.02336448598130841,0.0281214848143982,0.016038665836565425,0.00475699883308979
YPSY6A16,0.025610645278891724,0.017505067256311038,0.03354373309287646,0.02541026998411858,0.02336448598130841,0.0281214848143982,0.016038665836565425,0.00475699883308979
YPSY6A15,0.025610645278891724,0.017505067256311038,0.03354373309287646,0.02541026998411858,0.02336448598130841,0.0281214848143982,0.016038665836565425,0.00475699883308979
YPSY6A14,0.025610645278891724,0.017505067256311038,0.03354373309287646,0.02541026998411858,0.02336448598130841,0.0281214848143982,0.016038665836565425,0.00475699883308979
YTIM1I01,0.025610645278891724,0.017505067256311038,0.03354373309287646,0.02541026998411858,0.02336448598130841,0.0281214848143982,0.016038665836565425,0.00475699883308979
YTIM1B01,0.025610645278891724,0.017505067256311038,0.03354373309287646,0.02541026998411858,0.02336448598130841,0.0281214848143982,0.016038665836565425,0.00475699883308979
YTIM1A04,0.025610645278891724,0.017505067256311038,0.03354373309287646,0.02541026998411858,0.02336448598130841,0.0281214848143982,0.016038665836565425,0.00475699883308979
YTIM1A03,0.025610645278891724,0.017505067256311038,0.03354373309287646,0.02541026998411858,0.02336448598130841,0.0281214848143982,0.016038665836565425,0.00475699883308979
YTIM1A02,0.025610645278891724,0.017505067256311038,0.03354373309287646,0.02541026998411858,0.02336448598130841,0.0281214848143982,0.016038665836565425,0.00475699883308979
YTIM1A01,0.025610645278891724,0.017505067256311038,0.03354373309287646,0.02541026998411858,0.02336448598130841,0.0281214848143982,0.016038665836565425,0.00475699883308979
YPSY7A08,0.025610645278891724,0.017505067256311038,0.03354373309287646,0.02541026998411858,0.02336448598130841,0.0281214848143982,0.016038665836565425,0.00475699883308979
YPSY7A07,0.025610645278891724,0.017505067256311038,0.03354373309287646,0.02541026998411858,0.02336448598130841,0.0281214848143982,0.016038665836565425,0.00475699883308979
YPSY7A06,0.025610645278891724,0.017505067256311038,0.03354373309287646,0.02541026998411858,0.02336448598130841,0.0281214848143982,0.016038665836565425,0.00475699883308979
YPSY7A05,0.025610645278891724,0.017505067256311038,0.03354373309287646,0.02541026998411858,0.02336448598130841,0.0281214848143982,0.016038665836565425,0.00475699883308979
YPSY7A04,0.025610645278891724,0.017505067256311038,0.03354373309287646,0.02541026998411858,0.02336448598130841,0.0281214848143982,0.016038665836565425,0.00475699883308979
YPSY7A03,0.025610645278891724,0.017505067256311038,0.03354373309287646,0.02541026998411858,0.02336448598130841,0.0281214848143982,0.016038665836565425,0.00475699883308979
YPSY7A02,0.025610645278891724,0.017505067256311038,0.03354373309287646,0.02541026998411858,0.02336448598130841,0.0281214848143982,0.016038665836565425,0.00475699883308979
YPSY7A01,0.025610645278891724,0.017505067256311038,0.03354373309287646,0.02541026998411858,0.02336448598130841,0.0281214848143982,0.016038665836565425,0.00475699883308979
YPSY6Asc,0.025610645278891724,0.017505067256311038,0.03354373309287646,0.02541026998411858,0.02336448598130841,0.0281214848143982,0.016038665836565425,0.00475699883308979
YTIM1J02,0.025610645278891724,0.017505067256311038,0.03354373309287646,0.02541026998411858,0.02336448598130841,0.0281214848143982,0.016038665836565425,0.00475699883308979
YTIM1J01,0.025610645278891724,0.017505067256311038,0.03354373309287646,0.02541026998411858,0.02336448598130841,0.0281214848143982,0.016038665836565425,0.00475699883308979
YTIM1K02,0.025610645278891724,0.017505067256311038,0.03354373309287646,0.02541026998411858,0.02336448598130841,0.0281214848143982,0.016038665836565425,0.00475699883308979
YTIM1H02,0.025610645278891724,0.017505067256311038,0.03354373309287646,0.02541026998411858,0.02336448598130841,0.0281214848143982,0.016038665836565425,0.00475699883308979
YTIM1H01,0.025610645278891724,0.017505067256311038,0.03354373309287646,0.02541026998411858,0.02336448598130841,0.0281214848143982,0.016038665836565425,0.00475699883308979
YTIM1G02,0.025610645278891724,0.017505067256311038,0.03354373309287646,0.02541026998411858,0.02336448598130841,0.0281214848143982,0.016038665836565425,0.00475699883308979
YTIM1G01,0.025610645278891724,0.017505067256311038,0.03354373309287646,0.02541026998411858,0.02336448598130841,0.0281214848143982,0.016038665836565425,0.00475699883308979
YTIM1F02,0.025610645278891724,0.017505067256311038,0.03354373309287646,0.02541026998411858,0.02336448598130841,0.0281214848143982,0.016038665836565425,0.00475699883308979
YTIM1F01,0.025610645278891724,0.017505067256311038,0.03354373309287646,0.02541026998411858,0.02336448598130841,0.0281214848143982,0.016038665836565425,0.00475699883308979
YTIM1E02,0.025610645278891724,0.017505067256311038,0.03354373309287646,0.02541026998411858,0.02336448598130841,0.0281214848143982,0.016038665836565425,0.00475699883308979
YTIM1E01,0.025610645278891724,0.017505067256311038,0.03354373309287646,0.02541026998411858,0.02336448598130841,0.0281214848143982,0.016038665836565425,0.00475699883308979
YTIM1D02,0.025610645278891724,0.017505067256311038,0.03354373309287646,0.02541026998411858,0.02336448598130841,0.0281214848143982,0.016038665836565425,0.00475699883308979
YTIM1D01,0.025610645278891724,0.017505067256311038,0.03354373309287646,0.02541026998411858,0.02336448598130841,0.0281214848143982,0.016038665836565425,0.00475699883308979
YTIM1C02,0.025610645278891724,0.017505067256311038,0.03354373309287646,0.02541026998411858,0.02336448598130841,0.0281214848143982,0.016038665836565425,0.00475699883308979
YTIM1C01,0.025610645278891724,0.017505067256311038,0.03354373309287646,0.02541026998411858,0.02336448598130841,0.0281214848143982,0.016038665836565425,0.00475699883308979
YTIM1B04,0.025610645278891724,0.017505067256311038,0.03354373309287646,0.02541026998411858,0.02336448598130841,0.0281214848143982,0.016038665836565425,0.00475699883308979
YPSY6A30,0.025610645278891724,0.017505067256311038,0.03354373309287646,0.02541026998411858,0.02336448598130841,0.0281214848143982,0.016038665836565425,0.00475699883308979
PREV_HIGH_RISK,0.0,0.0,0.0,0.0,0.0,0.0,0.0,0.0
COHORT_SRC_e4,0.0,0.0,0.0,0.0,0.0,0.0,0.0,0.0
WAVE_IDX,0.0,0.0,0.0,0.0,0.0,0.0,0.0,0.0
