analysis,model,label,AUROC,AUROC_lo,AUROC_hi,PR_AUC,PR_AUC_lo,PR_AUC_hi,calibration_slope,calibration_intercept,Brier,Brier_skill,net_benefit,net_benefit_treat_all,threshold,sensitivity,specificity,PPV,F1
M0_benchmark,FULL,Primary 455-feature model (frozen held-out predictions),0.8191028864630606,0.7658550093784032,0.864759990635032,0.25919279126761696,0.16838855342906223,0.36599636933057256,,,,,,,,,,,
M0_benchmark,M0,"SAPS 15-item sum at wave t, used directly as the score",0.7972116603295311,0.7435921168300975,0.8433605826951792,0.2166812311450575,0.14339933885034054,0.3106623992945307,,,,,,,,,,,
M0_benchmark,M0b,"Prior-wave high-risk classification, used directly",0.5980211782983769,0.5493574394874229,0.6424711391679555,0.10491171571530418,0.05655053625121531,0.1717439278542894,,,,,,,,,,,
M0_delta_full_minus,M0,"SAPS 15-item sum at wave t, used directly as the score",0.021891226133529562,-0.004927040804982033,0.04905845254313704,0.042511560122559466,-0.016135327538683138,0.10049937023261603,,,,,,,,,,,
M0_delta_full_minus,M0b,"Prior-wave high-risk classification, used directly",0.22108170816468375,0.17481417506804717,0.27160608598614594,0.1542810755523128,0.09501053743034799,0.22609990721076625,,,,,,,,,,,
M0_calibration,M0,Platt-scaled SAPS sum at wave t,,,,,,,1.1040325357404686,-0.10774998949266856,0.03672542432448758,0.09406246852766065,,,,,,,
M0_decision_curve,M0,threshold probability 0.05,,,,,,,,,,,0.015858946410176555,-0.008073209879500762,,,,,
M0_decision_curve,M0,threshold probability 0.10,,,,,,,,,,,0.01163202346634299,-0.06407727709502858,,,,,
M0_decision_curve,M0,threshold probability 0.20,,,,,,,,,,,0.004551661356395084,-0.19708693673190714,,,,,
M0_decision_curve,M0,threshold probability 0.30,,,,,,,,,,,0.000520189869302295,-0.3680993562650368,,,,,
M0_matched_flag,FULL,flagged 5.7 %,,,,,,,,,,,,,0.3,0.40860215053763443,0.9581749049429658,0.30158730158730157,0.3470319634703196
M0_matched_flag,M0,flagged 5.7 %,,,,,,,,,,,,,42.0,0.3870967741935484,0.9557984790874525,0.27906976744186046,0.32432432432432434
