analysis,classifier,seed,n_test,n_pos_test,threshold,AUROC,PR_AUC,F1,sensitivity,specificity,accuracy,PPV,NPV,n_seeds,AUROC_sd,AUROC_min,AUROC_max,AUROC_q25,AUROC_q75,train_cohort,test_cohort,threshold_source,AUROC_lo,PR_AUC_lo,F1_lo,sensitivity_lo,specificity_lo,accuracy_lo,PPV_lo,NPV_lo,AUROC_hi,PR_AUC_hi,F1_hi,sensitivity_hi,specificity_hi,accuracy_hi,PPV_hi,NPV_hi,stratum,outcome_year
R1_seed_variation,XGBoost,42.0,2197.0,93.0,0.3,0.8150834048816387,0.25077229844376847,0.3470319634703196,0.40860215053763443,0.9581749049429658,0.9349112426035503,0.30158730158730157,0.9734427812650893,,,,,,,,,,,,,,,,,,,,,,,,,,,
R1_seed_variation,XGBoost,1.0,2186.0,110.0,0.3,0.7924242424242424,0.30539978913108645,0.34108527131782945,0.4,0.9499036608863198,0.9222323879231473,0.2972972972972973,0.9676153091265947,,,,,,,,,,,,,,,,,,,,,,,,,,,
R1_seed_variation,XGBoost,2.0,2185.0,81.0,0.3,0.8403100502276675,0.16235875871756117,0.2561576354679803,0.32098765432098764,0.9543726235741445,0.9308924485125858,0.21311475409836064,0.9733397964129908,,,,,,,,,,,,,,,,,,,,,,,,,,,
R1_seed_variation,XGBoost,3.0,2214.0,137.0,0.3,0.824255224934897,0.36383392160938643,0.4271186440677966,0.45985401459854014,0.954260953298026,0.9236675700090334,0.3987341772151899,0.9640077821011673,,,,,,,,,,,,,,,,,,,,,,,,,,,
R1_seed_variation,XGBoost,4.0,2210.0,110.0,0.3,0.8077034632034632,0.3069957990063432,0.3298245614035088,0.42727272727272725,0.939047619047619,0.9135746606334841,0.26857142857142857,0.9690417690417691,,,,,,,,,,,,,,,,,,,,,,,,,,,
R1_seed_variation,XGBoost,5.0,2185.0,115.0,0.3,0.803360638521319,0.25552933273766293,0.3269961977186312,0.3739130434782609,0.9492753623188406,0.9189931350114416,0.2905405405405405,0.9646539027982327,,,,,,,,,,,,,,,,,,,,,,,,,,,
R1_seed_variation,XGBoost,6.0,2191.0,89.0,0.3,0.8008584654529127,0.21933025205984433,0.2843601895734597,0.33707865168539325,0.956232159847764,0.9310816978548608,0.2459016393442623,0.97148380860319,,,,,,,,,,,,,,,,,,,,,,,,,,,
R1_seed_variation,XGBoost,7.0,2218.0,110.0,0.3,0.7957887700534759,0.270683157778448,0.32653061224489793,0.36363636363636365,0.9549335863377609,0.9256086564472498,0.2962962962962963,0.9663946231397024,,,,,,,,,,,,,,,,,,,,,,,,,,,
R1_seed_variation,XGBoost,8.0,2203.0,111.0,0.3,0.8077381875183023,0.27179741975411753,0.37209302325581395,0.43243243243243246,0.9526768642447419,0.926463912846119,0.32653061224489793,0.9693579766536965,,,,,,,,,,,,,,,,,,,,,,,,,,,
R1_seed_variation,XGBoost,9.0,2190.0,106.0,0.3,0.7934532647665955,0.25449637294466104,0.30833333333333335,0.3490566037735849,0.9534548944337812,0.9242009132420091,0.27611940298507465,0.9664396887159533,,,,,,,,,,,,,,,,,,,,,,,,,,,
R1_seed_variation,XGBoost,10.0,2152.0,103.0,0.3,0.855406615587997,0.2737332171479042,0.36428571428571427,0.49514563106796117,0.9385065885797951,0.9172862453531598,0.288135593220339,0.9736708860759493,,,,,,,,,,,,,,,,,,,,,,,,,,,
R1_seed_variation,XGBoost,11.0,2196.0,103.0,0.3,0.8223087592019631,0.33956519564049886,0.3333333333333333,0.3786407766990291,0.9560439560439561,0.9289617486338798,0.29770992366412213,0.9690072639225181,,,,,,,,,,,,,,,,,,,,,,,,,,,
R1_seed_variation,XGBoost,12.0,2209.0,118.0,0.3,0.8380367028994318,0.3605530651442055,0.4628099173553719,0.4745762711864407,0.967479674796748,0.9411498415572658,0.45161290322580644,0.9702637889688249,,,,,,,,,,,,,,,,,,,,,,,,,,,
R1_seed_variation,XGBoost,13.0,2206.0,124.0,0.3,0.8022624802454217,0.3034998901263136,0.3727598566308244,0.41935483870967744,0.9505283381364072,0.9206708975521306,0.33548387096774196,0.9648951730862994,,,,,,,,,,,,,,,,,,,,,,,,,,,
R1_seed_variation,XGBoost,14.0,2187.0,107.0,0.3,0.8341211358734724,0.3540591968379357,0.42016806722689076,0.4672897196261682,0.9610576923076923,0.9368998628257887,0.3816793893129771,0.9722762645914397,,,,,,,,,,,,,,,,,,,,,,,,,,,
R1_seed_variation,XGBoost,15.0,2192.0,101.0,0.3,0.8503226936753933,0.3278763335676873,0.3983050847457627,0.46534653465346537,0.9579148732663797,0.9352189781021898,0.34814814814814815,0.9737481769567331,,,,,,,,,,,,,,,,,,,,,,,,,,,
R1_seed_variation,XGBoost,16.0,2199.0,97.0,0.3,0.801284000510069,0.24004473906825086,0.3,0.3711340206185567,0.9490960989533778,0.9236016371077762,0.2517482517482518,0.9703307392996109,,,,,,,,,,,,,,,,,,,,,,,,,,,
R1_seed_variation,XGBoost,17.0,2182.0,112.0,0.3,0.7539359040717737,0.23665199665271372,0.29535864978902954,0.3125,0.9565217391304348,0.9234647112740605,0.28,0.9625668449197861,,,,,,,,,,,,,,,,,,,,,,,,,,,
R1_seed_variation,XGBoost,18.0,2194.0,104.0,0.3,0.7985852962826647,0.2921422429336454,0.3140495867768595,0.36538461538461536,0.9521531100478469,0.9243391066545124,0.2753623188405797,0.9678988326848249,,,,,,,,,,,,,,,,,,,,,,,,,,,
R1_seed_variation,XGBoost,19.0,2166.0,98.0,0.3,0.8630442505822443,0.3143917579538712,0.3868312757201646,0.47959183673469385,0.9526112185686654,0.9312096029547553,0.32413793103448274,0.974764967837704,,,,,,,,,,,,,,,,,,,,,,,,,,,
R1_seed_summary,XGBoost,,,,,0.8150141775457472,,,,,,,,20.0,0.026155096095100538,0.7539359040717737,0.8630442505822443,0.8002901731603507,0.8351000276299623,,,,,,,,,,,,,,,,,,,,,
R1_seed_variation,LightGBM,42.0,2197.0,93.0,0.09999999999999999,0.8073945173555747,0.27174900812258557,0.3645833333333333,0.3763440860215054,0.9695817490494296,0.94446973145198,0.35353535353535354,0.9723546234509056,,,,,,,,,,,,,,,,,,,,,,,,,,,
R1_seed_variation,LightGBM,1.0,2186.0,110.0,0.09999999999999999,0.7939393939393941,0.3143823413443189,0.3459915611814346,0.37272727272727274,0.9585741811175337,0.9290942360475755,0.3228346456692913,0.9664885866925692,,,,,,,,,,,,,,,,,,,,,,,,,,,
R1_seed_variation,LightGBM,2.0,2185.0,81.0,0.09999999999999999,0.8311798807679669,0.1702680625764848,0.26229508196721313,0.2962962962962963,0.9629277566539924,0.9382151029748284,0.23529411764705882,0.9726356216994719,,,,,,,,,,,,,,,,,,,,,,,,,,,
R1_seed_variation,LightGBM,3.0,2214.0,137.0,0.09999999999999999,0.8160158707287672,0.3619936089506983,0.4312267657992565,0.4233576642335766,0.9643716899374097,0.9308943089430894,0.4393939393939394,0.9620557156580212,,,,,,,,,,,,,,,,,,,,,,,,,,,
R1_seed_variation,LightGBM,4.0,2210.0,110.0,0.09999999999999999,0.8027554112554112,0.29182957052597946,0.33858267716535434,0.39090909090909093,0.9519047619047619,0.9239819004524887,0.2986111111111111,0.9675701839303001,,,,,,,,,,,,,,,,,,,,,,,,,,,
R1_seed_summary,LightGBM,,,,,0.8102570148094228,,,,,,,,5.0,0.014156830858562737,0.7939393939393941,0.8311798807679669,0.8027554112554112,0.8160158707287672,,,,,,,,,,,,,,,,,,,,,
R1_seed_variation,CatBoost,42.0,2197.0,93.0,0.24000000000000002,0.8080282309170449,0.21125735297185266,0.30158730158730157,0.40860215053763443,0.9424904942965779,0.9198907601274465,0.2389937106918239,0.9730127576054955,,,,,,,,,,,,,,,,,,,,,,,,,,,
R1_seed_variation,CatBoost,1.0,2186.0,110.0,0.24000000000000002,0.7923541776142932,0.2551288739352193,0.31715210355987056,0.44545454545454544,0.9277456647398844,0.903476669716377,0.24623115577889448,0.9693004529441369,,,,,,,,,,,,,,,,,,,,,,,,,,,
R1_seed_variation,CatBoost,2.0,2185.0,81.0,0.24000000000000002,0.8188048631648124,0.1397474008395396,0.24347826086956523,0.345679012345679,0.9424904942965779,0.9203661327231121,0.18791946308724833,0.9739685658153242,,,,,,,,,,,,,,,,,,,,,,,,,,,
R1_seed_variation,CatBoost,3.0,2214.0,137.0,0.24000000000000002,0.8164375907137259,0.3092231724211311,0.40236686390532544,0.49635036496350365,0.9359653346172364,0.9087624209575429,0.3383084577114428,0.9657228017883756,,,,,,,,,,,,,,,,,,,,,,,,,,,
R1_seed_variation,CatBoost,4.0,2210.0,110.0,0.24000000000000002,0.7965281385281385,0.2593253658029041,0.31724137931034485,0.41818181818181815,0.9361904761904762,0.9104072398190045,0.25555555555555554,0.9684729064039409,,,,,,,,,,,,,,,,,,,,,,,,,,,
R1_seed_summary,CatBoost,,,,,0.806430600187603,,,,,,,,5.0,0.011747543221310743,0.7923541776142932,0.8188048631648124,0.7965281385281385,0.8164375907137259,,,,,,,,,,,,,,,,,,,,,
R1_seed_variation,RandomForest,42.0,2197.0,93.0,0.45,0.8135987775460978,0.2224936549683921,0.3105022831050228,0.3655913978494624,0.9562737642585551,0.9312699135184342,0.2698412698412698,0.9715113471752777,,,,,,,,,,,,,,,,,,,,,,,,,,,
R1_seed_variation,RandomForest,1.0,2186.0,110.0,0.45,0.7849535820634086,0.24781971379444687,0.31833910034602075,0.41818181818181815,0.9359344894026975,0.9098810612991766,0.2569832402234637,0.9681116093672147,,,,,,,,,,,,,,,,,,,,,,,,,,,
R1_seed_variation,RandomForest,2.0,2185.0,81.0,0.45,0.8479674224287659,0.18120290404888603,0.2653061224489796,0.32098765432098764,0.9576996197718631,0.934096109839817,0.22608695652173913,0.9734299516908212,,,,,,,,,,,,,,,,,,,,,,,,,,,
R1_seed_variation,RandomForest,3.0,2214.0,137.0,0.45,0.8235576297931112,0.3134855730437761,0.4080267558528428,0.44525547445255476,0.9513721714010592,0.9200542005420054,0.3765432098765432,0.9629629629629629,,,,,,,,,,,,,,,,,,,,,,,,,,,
R1_seed_variation,RandomForest,4.0,2210.0,110.0,0.45,0.7958939393939394,0.2349158594124744,0.3197278911564626,0.42727272727272725,0.9347619047619048,0.9095022624434389,0.2554347826086957,0.9689042448173741,,,,,,,,,,,,,,,,,,,,,,,,,,,
R1_seed_summary,RandomForest,,,,,0.8131942702450645,,,,,,,,5.0,0.02456406357161538,0.7849535820634086,0.8479674224287659,0.7958939393939394,0.8235576297931112,,,,,,,,,,,,,,,,,,,,,
R1_seed_variation,ExtraTrees,42.0,2197.0,93.0,0.47000000000000003,0.8199026943047549,0.25074775637193225,0.3333333333333333,0.43010752688172044,0.9491444866920152,0.9271734182976786,0.272108843537415,0.9741463414634146,,,,,,,,,,,,,,,,,,,,,,,,,,,
R1_seed_variation,ExtraTrees,1.0,2186.0,110.0,0.47000000000000003,0.7861008933263268,0.2888183302286169,0.35036496350364965,0.43636363636363634,0.9441233140655106,0.918572735590119,0.2926829268292683,0.9693372898120672,,,,,,,,,,,,,,,,,,,,,,,,,,,
R1_seed_variation,ExtraTrees,2.0,2185.0,81.0,0.47000000000000003,0.8492113786790593,0.18531005885586097,0.30303030303030304,0.37037037037037035,0.9586501901140685,0.9368421052631579,0.2564102564102564,0.9753384912959381,,,,,,,,,,,,,,,,,,,,,,,,,,,
R1_seed_variation,ExtraTrees,3.0,2214.0,137.0,0.47000000000000003,0.8291173049281495,0.37137279647728366,0.4115755627009646,0.46715328467153283,0.947038998555609,0.9173441734417345,0.367816091954023,0.9642156862745098,,,,,,,,,,,,,,,,,,,,,,,,,,,
R1_seed_variation,ExtraTrees,4.0,2210.0,110.0,0.47000000000000003,0.8093311688311688,0.3113866329181041,0.3157894736842105,0.4090909090909091,0.9380952380952381,0.9117647058823529,0.2571428571428571,0.9680589680589681,,,,,,,,,,,,,,,,,,,,,,,,,,,
R1_seed_summary,ExtraTrees,,,,,0.8187326880138919,,,,,,,,5.0,0.023406101529911037,0.7861008933263268,0.8492113786790593,0.8093311688311688,0.8291173049281495,,,,,,,,,,,,,,,,,,,,,
R1_seed_variation,LogRegEN,42.0,2197.0,93.0,0.93,0.7426433010343841,0.18339685136988432,0.21602787456445993,0.3333333333333333,0.9225285171102662,0.8975876194811107,0.15979381443298968,0.9690464303544682,,,,,,,,,,,,,,,,,,,,,,,,,,,
R1_seed_variation,LogRegEN,1.0,2186.0,110.0,0.93,0.7615563145909967,0.24631989439940044,0.29411764705882354,0.45454545454545453,0.9132947976878613,0.8902104300091491,0.21739130434782608,0.9693251533742331,,,,,,,,,,,,,,,,,,,,,,,,,,,
R1_seed_variation,LogRegEN,2.0,2185.0,81.0,0.93,0.755844247289114,0.118692295610093,0.21602787456445993,0.38271604938271603,0.9168250950570342,0.897025171624714,0.15048543689320387,0.9747347145022739,,,,,,,,,,,,,,,,,,,,,,,,,,,
R1_seed_variation,LogRegEN,3.0,2214.0,137.0,0.93,0.7851670538290417,0.3168693658583686,0.3412322274881517,0.5255474452554745,0.8974482426576793,0.8744354110207768,0.25263157894736843,0.9663037843442198,,,,,,,,,,,,,,,,,,,,,,,,,,,
R1_seed_variation,LogRegEN,4.0,2210.0,110.0,0.93,0.7451861471861472,0.20213371534723887,0.2459016393442623,0.4090909090909091,0.8995238095238095,0.8751131221719457,0.17578125,0.9667349027635619,,,,,,,,,,,,,,,,,,,,,,,,,,,
R1_seed_summary,LogRegEN,,,,,0.7580794127859367,,,,,,,,5.0,0.016995109238200405,0.7426433010343841,0.7851670538290417,0.7451861471861472,0.7615563145909967,,,,,,,,,,,,,,,,,,,,,
R2_cohort_holdout,XGBoost,,5545.0,249.0,0.3,0.7926395915990245,0.2096560900922105,0.28034682080924855,0.3895582329317269,0.9346676737160121,0.9101893597835888,0.21896162528216703,0.9702077616620933,,,,,,,m1,e4,frozen (submitted analysis),0.7599859690004193,0.1561408017987915,0.22455070277200168,0.3204959514170041,0.9276161976808228,0.9016091775131498,0.17090069284064666,0.9651182109169258,0.8231383423318384,0.27796539012081495,0.3347515897070184,0.4562756503108214,0.9413236157767811,0.9186212344308159,0.2662269815297576,0.9746472845178177,,
R2_cohort_holdout,LightGBM,,5545.0,249.0,0.09999999999999999,0.7849574278989068,0.19630779598250195,0.2861635220125786,0.3654618473895582,0.9441087613293051,0.9181244364292155,0.2351421188630491,0.9693679720822024,,,,,,,m1,e4,frozen (submitted analysis),0.7518920926654259,0.14965573084079534,0.22999803149606302,0.2972884456508911,0.9380419340503106,0.9100827657320943,0.18448672521484571,0.9644597676908453,0.8158630749158233,0.25807526346298415,0.3425970773306839,0.4309623430962343,0.9502248500869594,0.9257676225735395,0.2854012841091492,0.9740645506213328,,
R2_cohort_holdout,CatBoost,,5545.0,249.0,0.24000000000000002,0.7874814969849185,0.18242956833440815,0.2809364548494983,0.5060240963855421,0.9014350453172205,0.8836789900811542,0.19444444444444445,0.9748825811721462,,,,,,,m1,e4,frozen (submitted analysis),0.7551280841139918,0.13954111650311818,0.23579618575228775,0.44090786901270773,0.8930126664823614,0.8743011469851232,0.15941809065118426,0.9704603550295858,0.8174818662553238,0.23997749939255766,0.3256378165906478,0.568380376344086,0.9095346036546462,0.8925867142618906,0.23053903206802256,0.979175390244584,,
R2_cohort_holdout,RandomForest,,5545.0,249.0,0.45,0.761766097623121,0.13003837411303115,0.2161290322580645,0.26907630522088355,0.9425981873111783,0.9123534715960324,0.18059299191374664,0.964824120603015,,,,,,,m1,e4,frozen (submitted analysis),0.7308971955540607,0.10151362852805249,0.1661042770345096,0.20746233785652873,0.9357018398749956,0.903680619798318,0.13621614040711655,0.9590515568108803,0.7930966272937575,0.1651610198771753,0.26667634252539907,0.33182272727272727,0.9493320739957806,0.9208126676774334,0.22842334289555002,0.9701827012642241,,
R2_cohort_holdout,ExtraTrees,,5545.0,249.0,0.47000000000000003,0.7695047561848603,0.19334256431407468,0.2708333333333333,0.3654618473895582,0.9373111782477341,0.9116321009918846,0.21513002364066194,0.9691526747364311,,,,,,,m1,e4,frozen (submitted analysis),0.734766739892133,0.14327018366496233,0.21738959260527216,0.2986326109391125,0.9304698027783235,0.9028650195463804,0.16922297297297298,0.9641990680345811,0.8017515240855624,0.26096268716280185,0.3244937176644493,0.43020319303338167,0.9439411524601047,0.9197294436593185,0.2634341068767297,0.9738028215774343,,
R2_cohort_holdout,LogRegEN,,5545.0,249.0,0.93,0.7994174583530497,0.23038751482011055,0.32645403377110693,0.3493975903614458,0.9628021148036254,0.9352569882777276,0.30633802816901406,0.9692073750237598,,,,,,,m1,e4,frozen (submitted analysis),0.7668621782119335,0.1756794363555294,0.265548842137617,0.2824011641309359,0.9573932944909713,0.9274614462097823,0.2464692451584507,0.9641708517239463,0.8300814289299849,0.3001403456782505,0.3875889607394896,0.4166740282685512,0.9679075576282633,0.942988631752298,0.36875056247187626,0.9740061814776717,,
R2_cohort_holdout,XGBoost,,5545.0,249.0,0.29000000000000004,0.7926395915990245,0.2096560900922105,0.2820143884892086,0.39357429718875503,0.9342900302114804,0.9100090171325519,0.21973094170403587,0.9703863502647578,,,,,,,m1,e4,training-cohort out-of-fold,0.7599859690004193,0.1561408017987915,0.22719951030289692,0.3247863247863248,0.9272794809380193,0.901311973517309,0.172984445711435,0.9652783853640611,0.8231383423318384,0.27796539012081495,0.33702101865085293,0.4588315403982604,0.9410327584757242,0.9183606482687324,0.26639911917505926,0.9747984740917752,,
R2_cohort_holdout,XGBoost,,5427.0,268.0,0.3,0.7644180001330815,0.21358159258278595,0.302158273381295,0.31343283582089554,0.9604574529947665,0.9285056200479086,0.2916666666666667,0.9641953687487839,,,,,,,e4,m1,frozen (submitted analysis),0.7259566959069871,0.1641949379334179,0.2399961315280464,0.25175402704798,0.9546956711777324,0.9203868556150417,0.22771562354791436,0.9591109908606151,0.7998389777728158,0.27458810290513047,0.360076871657754,0.37594729397751797,0.9658752152437378,0.9366254649003753,0.35251798561151076,0.9692856774826025,,
R2_cohort_holdout,LightGBM,,5427.0,268.0,0.09999999999999999,0.7588151990580148,0.22681908750569693,0.29568788501026694,0.26865671641791045,0.9715061058344641,0.9367974940114243,0.3287671232876712,0.9623655913978495,,,,,,,e4,m1,frozen (submitted analysis),0.718578836398096,0.16997442849656152,0.23376071911103757,0.21010725892245588,0.9665613958672571,0.9295069638968367,0.2557887969588551,0.9571395227305236,0.7955107712543039,0.2964545023064194,0.35928601687638106,0.3308334180044706,0.9761172182121423,0.9445562950534668,0.4028453273823218,0.9677054091993231,,
R2_cohort_holdout,CatBoost,,5427.0,268.0,0.24000000000000002,0.7676983853749281,0.22513135321600017,0.3164763458401305,0.3619402985074627,0.9519286683465787,0.9227934402063755,0.2811594202898551,0.9663518299881936,,,,,,,e4,m1,frozen (submitted analysis),0.7286444286578729,0.1699152333636256,0.2577293377599161,0.2974133925137803,0.9457114865314894,0.9145296371840039,0.2242188879082083,0.961340841478963,0.8017164986055197,0.2936287044048053,0.3712105405405405,0.42253668454240084,0.9578972483540292,0.9312507083254667,0.337388867781155,0.9711392674182898,,
R2_cohort_holdout,RandomForest,,5427.0,268.0,0.45,0.7571430017965995,0.19279558193239185,0.2894736842105263,0.2873134328358209,0.9637526652452025,0.9303482587064676,0.2916666666666667,0.9630060042610885,,,,,,,e4,m1,frozen (submitted analysis),0.7184552085111314,0.1486715063571959,0.2265625,0.22310756972111553,0.9585516422655778,0.9222420256157449,0.22592293906810035,0.9575710111623155,0.7921548260179926,0.2515122730863398,0.34646427734186463,0.346024088368379,0.9687378669108382,0.9381976233457008,0.3541744402985074,0.9684293116121381,,
R2_cohort_holdout,ExtraTrees,,5427.0,268.0,0.47000000000000003,0.7695213841627297,0.22673758838162272,0.32706766917293234,0.3246268656716418,0.9656910253925179,0.9340335360235857,0.32954545454545453,0.9649428626767383,,,,,,,e4,m1,frozen (submitted analysis),0.7318296369219217,0.1739057440332074,0.26262310606060607,0.2599977973568282,0.9604774016826453,0.9262536873156342,0.2613560941271118,0.9598687859547989,0.8035528688015723,0.29022810063230337,0.3867789708632442,0.3868619121694388,0.9705317289230465,0.9419241034665182,0.3937305772671626,0.9699507562571332,,
R2_cohort_holdout,LogRegEN,,5427.0,268.0,0.93,0.728677676745175,0.22296789229354438,0.2988505747126437,0.291044776119403,0.9658848614072495,0.9325594250967385,0.30708661417322836,0.9632708293060119,,,,,,,e4,m1,frozen (submitted analysis),0.6882752002631161,0.16611254357382166,0.23817542212001172,0.23105967434609387,0.9607425024323624,0.9251089938417056,0.23897058823529413,0.9580511501501596,0.7657930296474569,0.28907502058571355,0.3571496469310157,0.3533575546640453,0.9708459513756896,0.9400964902201893,0.373134328358209,0.9688178339746434,,
R2_cohort_holdout,XGBoost,,5427.0,268.0,0.49,0.7644180001330815,0.21358159258278595,0.2600896860986547,0.21641791044776118,0.9767396782322155,0.9391929242675512,0.3258426966292135,0.9599923795008573,,,,,,,e4,m1,training-cohort out-of-fold,0.7259566959069871,0.1641949379334179,0.1994644922939135,0.16535353695707392,0.9723996912189473,0.931808655537026,0.2484124954329558,0.9545365508941043,0.7998389777728158,0.27458810290513047,0.3171821358043445,0.2668921715322657,0.9807205452775073,0.9467283006582182,0.4020100502512563,0.9654324169530355,,
R3_per_year,XGBoost,,1899.0,84.0,,0.7876524990161353,,,,,,,,,,,,,,m1,e4,,,,,,,,,,,,,,,,,,G7->G8,2022.0
R3_per_year,XGBoost,,1860.0,98.0,,0.7745054321388034,,,,,,,,,,,,,,m1,e4,,,,,,,,,,,,,,,,,,G8->G9,2023.0
R3_per_year,XGBoost,,1786.0,67.0,,0.8177784723850209,,,,,,,,,,,,,,m1,e4,,,,,,,,,,,,,,,,,,G9->G10,2024.0
R3_per_year,XGBoost,,1879.0,70.0,,0.7861881070836295,,,,,,,,,,,,,,e4,m1,,,,,,,,,,,,,,,,,,G7->G8,2019.0
R3_per_year,XGBoost,,1778.0,116.0,,0.7473287273330844,,,,,,,,,,,,,,e4,m1,,,,,,,,,,,,,,,,,,G8->G9,2020.0
R3_per_year,XGBoost,,1770.0,82.0,,0.7645539533001965,,,,,,,,,,,,,,e4,m1,,,,,,,,,,,,,,,,,,G9->G10,2021.0
