analysis,classifier,scope,threshold,AUROC,PR_AUC,F1,sensitivity,specificity,accuracy,PPV,NPV,Brier,AUROC_lo,PR_AUC_lo,F1_lo,sensitivity_lo,specificity_lo,accuracy_lo,PPV_lo,NPV_lo,Brier_lo,AUROC_hi,PR_AUC_hi,F1_hi,sensitivity_hi,specificity_hi,accuracy_hi,PPV_hi,NPV_hi,Brier_hi,value
S1_fullspectrum_training,XGBoost,full spectrum test,0.24000000000000002,0.8147090148345377,0.20038936905993998,0.2716049382716049,0.33,0.9581589958158996,0.9351410773176988,0.23076923076923078,0.974091260634184,0.03689895197749138,0.7673350969974423,0.12248371777665015,0.1817965367965368,0.22446965628356605,0.949235853147412,0.9241432680798408,0.15,0.9677168191483952,0.030770294694229962,0.8568465391911707,0.30007127819635,0.3557312252964427,0.4285978835978834,0.965940704640065,0.9452009450111416,0.31007874595231083,0.9798695364871212,0.043695783149451,
S2_fullspectrum_training,XGBoost,extreme-group test,0.24000000000000002,0.8366300715990453,0.26820645095556905,0.3333333333333333,0.33,0.9689737470167065,0.939863325740319,0.336734693877551,0.9680495946590367,0.03967832401394844,0.7895774686604715,0.1730318312296997,0.23129251700680273,0.2268041237113402,0.9609682663460164,0.928209669975984,0.22722816399286988,0.960282897247347,0.03214992033317685,0.8780781970121274,0.3870814194147036,0.43265404238618527,0.4310384372034166,0.9765325670498084,0.9512418025173944,0.4482839187882694,0.9753674161678365,0.04757266100496052,
S2_spectrum_delta,XGBoost,AUROC(extreme) - AUROC(full),,0.021974013730818254,,,,,,,,,0.01574410750283635,,,,,,,,,0.029297754520841775,,,,,,,,,
S1_fullspectrum_training,LightGBM,full spectrum test,0.01,0.8004298212248003,0.19671569047301316,0.2713178294573643,0.35,0.9532141498668696,0.9311102968120191,0.22151898734177214,0.9747180085569818,0.03679738377005794,0.7494362789617943,0.12496321837232344,0.17958922030350602,0.23808035714285714,0.9440008146027393,0.9192900118538884,0.14285714285714285,0.9684605263157895,0.029603020355589628,0.8458022638024962,0.29939616599780916,0.35294117647058826,0.45454545454545453,0.9618772648661627,0.9419508028107625,0.30001533742331277,0.9804000801757544,0.044594356354404036,
S2_fullspectrum_training,LightGBM,extreme-group test,0.01,0.8211455847255369,0.26608966546075813,0.33653846153846156,0.35,0.9651551312649165,0.937129840546697,0.32407407407407407,0.9688548155246766,0.042148185097273264,0.7704007939062983,0.17340746759089068,0.22815332456929358,0.23255226685459243,0.9566872469481397,0.9256490395968128,0.21781102023245802,0.9613703846928481,0.03324651522008122,0.865182968582179,0.3885222343305823,0.436551548334183,0.45454545454545453,0.9734477602587005,0.9485196964165428,0.43182781201848996,0.9762349007424094,0.051750334244355926,
S2_spectrum_delta,LightGBM,AUROC(extreme) - AUROC(full),,0.020730792972214026,,,,,,,,,0.014821902652943291,,,,,,,,,0.02721174723527939,,,,,,,,,
S1_fullspectrum_training,CatBoost,full spectrum test,0.17,0.7935983263598327,0.1730683738824792,0.25084745762711863,0.37,0.9399011030810194,0.9190179552949799,0.18974358974358974,0.9751381215469613,0.03738809422441562,0.7430026821092212,0.11129354770507577,0.17627053704786025,0.2699704301075269,0.9297700118526807,0.9065792679390924,0.12807452170924505,0.968836291913215,0.031092932587581196,0.837823570561918,0.2595659062104953,0.3210702341137124,0.46316431322207957,0.9497173492084166,0.9306965834916219,0.2524271844660194,0.9807995610609929,0.04406552361807152,
S2_fullspectrum_training,CatBoost,extreme-group test,0.17,0.8181384248210024,0.24381449417652043,0.3148936170212766,0.37,0.9532219570405728,0.9266514806378132,0.2740740740740741,0.9694174757281553,0.04034681395220345,0.7673594355392656,0.1594659672173033,0.2241344827586207,0.26664893617021274,0.9433059085656956,0.9139526365107761,0.19083969465648856,0.9618768328445748,0.03280054323056039,0.8597529285226648,0.35158330634711016,0.4,0.46534653465346537,0.9619076236263736,0.9385729142778234,0.35714285714285715,0.9765566378528795,0.0486147938202744,
S2_spectrum_delta,CatBoost,AUROC(extreme) - AUROC(full),,0.02456828386581335,,,,,,,,,0.018300467322241745,,,,,,,,,0.03174159761982301,,,,,,,,,
S1_fullspectrum_training,RandomForest,full spectrum test,0.39,0.7875085583872196,0.1674124701635514,0.24822695035460993,0.35,0.9440852034994295,0.9223158666178087,0.19230769230769232,0.9744797801334903,0.05117834907442793,0.7308500459967169,0.10802019225835195,0.1629566854990584,0.23863636363636365,0.933764005393481,0.9096837331535422,0.12370497645411735,0.9681146730039574,0.045903249687905046,0.8340381684401685,0.25286191497000454,0.3250022084805654,0.45,0.9535334466843944,0.9337278958249942,0.26136363636363635,0.9801401869158879,0.056835235928484724,
S2_fullspectrum_training,RandomForest,extreme-group test,0.39,0.8106109785202864,0.2388107943515914,0.30701754385964913,0.35,0.9556085918854416,0.9280182232346241,0.2734375,0.9685534591194969,0.050183178900233404,0.7577103549516265,0.15949966065053478,0.21051429944724825,0.24444444444444444,0.9466534223261828,0.9153342709368116,0.18181818181818182,0.9607258619469937,0.044003815775577715,0.857772467720681,0.34806939354039085,0.4,0.45263157894736844,0.9644576166832988,0.9402456357579192,0.36753333333333327,0.9759502650127649,0.05664689068338687,
S2_spectrum_delta,RandomForest,AUROC(extreme) - AUROC(full),,0.023083436887130746,,,,,,,,,0.016634500343433722,,,,,,,,,0.03027806100250854,,,,,,,,,
S1_fullspectrum_training,ExtraTrees,full spectrum test,0.4,0.799429440852035,0.18423742355070558,0.2578397212543554,0.37,0.9429440852034995,0.9219494320263832,0.19786096256684493,0.9752163650668765,0.06247038210178568,0.749140635802347,0.11964893562045216,0.18115942028985507,0.2679728592467915,0.9332297453200049,0.9096955126035768,0.13440034240403675,0.9689092657494677,0.057469553861608305,0.845327343581578,0.2701168114897889,0.3302247250845381,0.4594729729729729,0.9520943514229977,0.9330190559415787,0.2602040816326531,0.9810204071791607,0.06786746078170267,
S2_fullspectrum_training,ExtraTrees,extreme-group test,0.4,0.8248066825775657,0.2614076012903052,0.3231441048034934,0.37,0.9560859188544153,0.929384965831435,0.2868217054263566,0.9695062923523717,0.05915758000898853,0.7742193122614165,0.17570711315854332,0.23527911164465787,0.2727272727272727,0.947140044646282,0.9167800163760296,0.20161134033508377,0.9618995779464142,0.05327132248553025,0.8681739187034565,0.3745780795126716,0.40965400061785595,0.4636525974025973,0.964751592283461,0.9413629030721058,0.376814381270903,0.97645127399317,0.06503259208495234,
S2_spectrum_delta,ExtraTrees,AUROC(extreme) - AUROC(full),,0.025372573489740816,,,,,,,,,0.018767986467668925,,,,,,,,,0.032896278435934026,,,,,,,,,
S1_fullspectrum_training,LogRegEN,full spectrum test,0.9500000000000001,0.7663046785850133,0.1437578434573647,0.1956521739130435,0.27,0.9433244579688095,0.9186515207035544,0.1534090909090909,0.9714061887974932,0.6262902245751267,0.71139026886268,0.09147987609154051,0.11814190293801673,0.1650485436893204,0.9330812495058471,0.9056376178575148,0.09141558441558442,0.9642850205350205,0.6147780132857322,0.8146829694417972,0.2205229555636195,0.2738875316290027,0.375,0.9531744117985339,0.9303684404300657,0.2222222222222222,0.9777870100873293,0.6370923455653879,
S2_fullspectrum_training,LogRegEN,extreme-group test,0.9500000000000001,0.7978639618138424,0.2102331432140858,0.2488479262672811,0.27,0.9570405727923628,0.9257403189066059,0.23076923076923078,0.9648700673724735,0.5958891288605932,0.7464546774420334,0.13346152264545616,0.15227832695104937,0.16466986794717886,0.9478914902490904,0.913062482509807,0.13723262032085562,0.9559532099144087,0.584157707195479,0.8428035779077555,0.31382372849872514,0.3489391810517864,0.37721437740693187,0.9658655475689575,0.9383306455732302,0.3302792181890706,0.9728692015166346,0.607697444590562,
S2_spectrum_delta,LogRegEN,AUROC(extreme) - AUROC(full),,0.03145896140581519,,,,,,,,,0.02397854351948205,,,,,,,,,0.039472224180991465,,,,,,,,,
S3_restricted_training,XGBoost,extreme-group test,0.36000000000000004,0.83836276849642,0.29699973977178323,0.329004329004329,0.38,0.9556085918854416,0.929384965831435,0.2900763358778626,0.9699612403100775,0.04672235623002052,0.7905546702884053,0.1982312139517015,0.23363707165109035,0.2727272727272727,0.9466192895743535,0.9169343006543083,0.20287195851615478,0.9624570503203459,0.038630306161940096,0.8807891513350585,0.4102117728177183,0.4179172320217096,0.4821506892230576,0.9642369795895512,0.9413623105017012,0.3821138211382114,0.9768591883607551,0.054997997079044576,
S3_restricted_training,XGBoost,full spectrum test,0.36000000000000004,0.8122289844047166,0.20401212162219257,0.2576271186440678,0.38,0.9402814758463294,0.9197508244778307,0.19487179487179487,0.9755327545382794,0.0503355972468853,0.7642166431285738,0.12870938201493065,0.17605053397306916,0.27270256916996044,0.9303215926493109,0.9071210268701435,0.1297248284553984,0.9691857059655545,0.04311387771740556,0.8556379547585868,0.3057142297200828,0.33094109128281785,0.4783141517476553,0.9508072314349421,0.9321100917431193,0.2588843817984046,0.9811916299310997,0.058170189056545495,
S3_spectrum_delta,XGBoost,AUROC(extreme) - AUROC(full),,0.026160793571508873,,,,,,,,,0.019487576087167866,,,,,,,,,0.033688767539385045,,,,,,,,,
S3_restricted_training,LightGBM,extreme-group test,0.04,0.8292315035799523,0.273112188015832,0.3628691983122363,0.43,0.9551312649164678,0.9312072892938497,0.31386861313868614,0.9723032069970845,0.04777973784348352,0.776922029813695,0.18027508083144336,0.26225944404846757,0.31427740863787373,0.9461376024487177,0.9191173110011829,0.22137248154173447,0.9647919152889355,0.03841486145756718,0.8724793147117261,0.39305615005931777,0.45386363636363625,0.5398274336283185,0.9643025007607484,0.942911797427452,0.4084584147219081,0.9791774877904769,0.05708039804378179,
S3_restricted_training,LightGBM,full spectrum test,0.04,0.8029859262076835,0.19249935945015523,0.273015873015873,0.43,0.9345758843666794,0.9160864785635764,0.2,0.977326968973747,0.04880514051311393,0.7520023642737004,0.1231156626943398,0.1910598308447322,0.3147875816993464,0.9234263486039577,0.9031066951460657,0.1350900900900901,0.9712549584918005,0.040520937864003265,0.8471088753961096,0.28796450256579276,0.3475967540574281,0.5339833406884378,0.9454762302828744,0.9282039444840211,0.262911733348297,0.9827932132990812,0.057907917391107025,
S3_spectrum_delta,LightGBM,AUROC(extreme) - AUROC(full),,0.02623870439164667,,,,,,,,,0.01964505166262364,,,,,,,,,0.03360624961685779,,,,,,,,,
S3_restricted_training,CatBoost,extreme-group test,0.24000000000000002,0.8140501193317422,0.2668143925356021,0.33948339483394835,0.46,0.9403341288782816,0.9184510250569476,0.26900584795321636,0.9733201581027668,0.04509232180338553,0.7576300836437552,0.17302841321634913,0.24680851063829787,0.34313025210084036,0.9301522047261532,0.9053974621834198,0.19160776807041655,0.9661683118273177,0.037393271699888056,0.8611460111987252,0.38346349003353547,0.4217263263132729,0.5660434189588542,0.950734249171009,0.9312213415419678,0.3451968719989023,0.9802701418093374,0.05306464237701071,
S3_restricted_training,CatBoost,full spectrum test,0.24000000000000002,0.7876397869912514,0.19596040088646882,0.2548476454293629,0.46,0.9182198554583492,0.9014290949065592,0.17624521072796934,0.9781199351701783,0.04744694032133742,0.7333859512367854,0.12365572002341069,0.18388351555929353,0.34522783251231526,0.9064955543996115,0.8880786792263129,0.12226952935468219,0.9720153995045682,0.040475292340397664,0.8359261783419206,0.2939589466218933,0.32196254831400767,0.5630272497348454,0.9297174955025999,0.9142444288341016,0.2298409171179656,0.9834882146302014,0.05487569734851086,
S3_spectrum_delta,CatBoost,AUROC(extreme) - AUROC(full),,0.026380037628069168,,,,,,,,,0.020067327534412045,,,,,,,,,0.03352031757177472,,,,,,,,,
S3_restricted_training,RandomForest,extreme-group test,0.42000000000000004,0.8081766109785202,0.2545809211521593,0.3076923076923077,0.44,0.9322195704057279,0.9097949886104784,0.23655913978494625,0.9721254355400697,0.05965183580512349,0.7569052192039838,0.16871503309340974,0.2196054519368723,0.3232070707070707,0.9211735783509847,0.8962048468221308,0.1640142021720969,0.9649031402447423,0.053290287181182915,0.8564828343354575,0.36479445304062486,0.3918952590464218,0.5473861336032388,0.9431936635967164,0.9237569599738247,0.3142924211938296,0.9791044776119403,0.06622676036011958,
S3_restricted_training,RandomForest,full spectrum test,0.42000000000000004,0.7811639406618487,0.16784261535129627,0.23157894736842105,0.44,0.9102320273868391,0.8930010993037742,0.15714285714285714,0.9771335238873009,0.06533960435440393,0.7262458014279068,0.10823363831774517,0.16044107424424817,0.32529367469879517,0.8976452704501429,0.8789204043588232,0.10565465067213214,0.9710975003650993,0.05958529305565989,0.8284487822907378,0.2557901796196482,0.29648275068062685,0.5413612155388471,0.9228733459357278,0.9065644560886503,0.20743326128862666,0.9827165821802073,0.07146335202002185,
S3_spectrum_delta,RandomForest,AUROC(extreme) - AUROC(full),,0.026998098885640903,,,,,,,,,0.020444573446897492,,,,,,,,,0.0345166306356495,,,,,,,,,
S3_restricted_training,ExtraTrees,extreme-group test,0.52,0.828673031026253,0.25710232343481215,0.3490566037735849,0.37,0.964200477326969,0.937129840546697,0.33035714285714285,0.9697551608257321,0.0711239915252202,0.779686935339328,0.1721295871852017,0.24752475247524752,0.2647058823529412,0.956224709107906,0.9254078990629623,0.22997916666666668,0.9623552123552124,0.06505339889740801,0.8701468453430206,0.3716521687570207,0.4444444444444444,0.47224462365591385,0.9721425336566512,0.9489482875933273,0.43000581395348836,0.9768121366830671,0.07742513070168439,
S3_restricted_training,ExtraTrees,full spectrum test,0.52,0.8005819703309244,0.18430058533564037,0.2824427480916031,0.37,0.9524534043362495,0.9311102968120191,0.22839506172839505,0.975457732761979,0.07881715939753217,0.751334877863022,0.12045991448834219,0.19310211689522033,0.26248511904761906,0.9433093839211237,0.9195603995888848,0.15217391304347827,0.9692485890986071,0.07318969786149825,0.846156613904733,0.27437205508005036,0.36290537825737573,0.47115384615384615,0.9614227813023696,0.9422732661009966,0.30435407296351824,0.9810677374156103,0.08475130294669661,
S3_spectrum_delta,ExtraTrees,AUROC(extreme) - AUROC(full),,0.028103603047117964,,,,,,,,,0.021148977346103888,,,,,,,,,0.03614975048430506,,,,,,,,,
S3_restricted_training,LogRegEN,extreme-group test,0.93,0.7980859188544154,0.20754474472614856,0.2822822822822823,0.47,0.911217183770883,0.8911161731207289,0.2017167381974249,0.972986748216106,0.6356198191619385,0.7486344163515974,0.12982245630952644,0.20129672157111184,0.35442378691983123,0.8976566236250598,0.8758077927947371,0.13901345291479822,0.9656053622343993,0.6251121555490337,0.8414908439510923,0.31700234917315895,0.35956179775280894,0.5769396551724136,0.9248623644294708,0.906631788958398,0.2666737288135593,0.9799010080462432,0.6460394369482725,
S3_restricted_training,LogRegEN,full spectrum test,0.93,0.7662913655382275,0.14310187867054724,0.2,0.47,0.8771395968048687,0.8622205936240381,0.12702702702702703,0.9775328529037728,0.6611763458590831,0.7119594344978846,0.08782152625030074,0.1412777561355668,0.35714285714285715,0.8610147678363297,0.8459861569157279,0.0870700527401972,0.9715474694623032,0.6511038222495201,0.814605881692077,0.2302320638436695,0.25755484279886504,0.5757658102766798,0.8924377625620074,0.8778082275657566,0.16876911960346025,0.9832917366485107,0.6707030538810099,
S3_spectrum_delta,LogRegEN,AUROC(extreme) - AUROC(full),,0.03165736994688092,,,,,,,,,0.0242753173864031,,,,,,,,,0.03936170219938837,,,,,,,,,
S4_three_category,XGBoost,one-vs-rest general use,,0.737654999510627,,,,,,,,,,,,,,,,,,,,,,,,,,,
S4_three_category,XGBoost,one-vs-rest potential risk,,0.6916643205105237,,,,,,,,,,,,,,,,,,,,,,,,,,,
S4_three_category,XGBoost,one-vs-rest high risk,,0.7814720426017496,,,,,,,,,,,,,,,,,,,,,,,,,,,
S4_three_category,XGBoost,macro one-vs-rest,,0.7369304542076334,,,,,,,,,,,,,,,,,,,,,,,,,,,
S4_three_category,XGBoost,high risk vs general use (extreme subset),,0.8180572792362768,,,,,,,,,,,,,,,,,,,,,,,,,,,
S5_continuous,XGBoost regression,R2,,,,,,,,,,,,,,,,,,,,,,,,,,,,,0.28047581052891013
S5_continuous,XGBoost regression,MAE,,,,,,,,,,,,,,,,,,,,,,,,,,,,,4.536801900475748
S5_continuous,XGBoost regression,Spearman_rho,,,,,,,,,,,,,,,,,,,,,,,,,,,,,0.5032355756422769
S5_continuous,XGBoost regression,"AUROC for high risk, full spectrum test",,0.7959642449600607,,,,,,,,,,,,,,,,,,,,,,,,,,,
S5_continuous,XGBoost regression,"AUROC for high risk, extreme-group test",,0.8222386634844868,,,,,,,,,,,,,,,,,,,,,,,,,,,
