analysis,group,level,n,events,calibration_slope,AUROC,AUROC_lo,AUROC_hi,PR_AUC,PR_AUC_lo,PR_AUC_hi,sensitivity,sensitivity_lo,sensitivity_hi,specificity,specificity_lo,specificity_hi,PPV,PPV_lo,PPV_hi,flagged,flagged_lo,flagged_hi,OE,OE_lo,OE_hi,mean_pred,mean_pred_lo,mean_pred_hi,observed,observed_lo,observed_hi,reference,metric,value,lo,hi,p
held-out,Sex,Male,1070.0,41.0,1.0443063137425619,0.800895968143355,0.7179399168285097,0.8703332899656044,0.24096584695746276,0.11942209960399718,0.3891568707600671,0.34146341463414637,0.2,0.4772727272727273,0.9737609329446064,0.9635251059158104,0.9835111542192047,0.34146341463414637,0.1841507177033493,0.5,3.8317757009345796,2.6339286123215055,5.1307471317253075,0.9453139638508417,0.6669961624161598,1.2181965520252613,0.040534423984656,0.03609799479690083,0.04532988243040624,0.038317757009345796,0.025502369591663836,0.05228261243139794,,,,,,
held-out,Sex,Female,1075.0,49.0,1.025502941473255,0.8451883677447587,0.7714973011533618,0.9044997602426733,0.3053009963882451,0.17698044508976862,0.44479633173371813,0.4897959183673469,0.32350569259962053,0.6363636363636364,0.9483430799220273,0.9329444626540387,0.9620622568093385,0.3116883116883117,0.18985631200821076,0.43373493975903615,7.162790697674419,5.418194413345275,9.04736387826623,0.8818321293691395,0.6483392754696937,1.098928743584608,0.051689424586339384,0.04544944510490102,0.05839082759649859,0.045581395348837206,0.03097206190415117,0.06102231329690345,,,,,,
held-out_diff,Sex,Female,,,,,,,,,,,,,,,,,,,,,,,,,,,,,,,Male,AUROC,0.04429239960140374,-0.05088985977341449,0.14652748296956125,0.393
held-out_diff,Sex,Female,,,,,,,,,,,,,,,,,,,,,,,,,,,,,,,Male,sensitivity,0.14833250373320056,-0.06793638850889193,0.3565829689820161,0.158
held-out_diff,Sex,Female,,,,,,,,,,,,,,,,,,,,,,,,,,,,,,,Male,OE,-0.06348183448170219,-0.417235781282206,0.28327558927617574,0.723
held-out,Cohort,m1,1022.0,37.0,1.108300593055646,0.8205652352860475,0.7262266124578569,0.8972643815770963,0.2765667468251552,0.13390712534806667,0.44507959858489526,0.4594594594594595,0.26666666666666666,0.6222916666666662,0.9522842639593908,0.9384599589322382,0.9659797130836871,0.265625,0.13793103448275862,0.39655172413793105,6.262230919765166,4.598797714645612,7.9056594503978435,0.7455822822577309,0.5140237649358811,0.9795345542557935,0.04855738040778392,0.04293404701328184,0.05433975074780878,0.036203522504892366,0.022999425574425574,0.050144870103015445,,,,,,
held-out,Cohort,e4,1175.0,56.0,0.961650887726955,0.824029745946636,0.7579534799303626,0.8802944035783946,0.262862459429593,0.15331302686623108,0.39344678535831296,0.375,0.23400544285007424,0.5,0.9633601429848079,0.9516540541408561,0.9743119871024242,0.3387096774193548,0.20407218442932729,0.4706159822419532,5.276595744680851,3.8426272447965646,6.828045360668473,1.0652510538926774,0.8214802392286121,1.310066383879669,0.044740227474007965,0.03975198550179398,0.050133716418999955,0.04765957446808511,0.03444997067279493,0.06191837047834592,,,,,,
held-out_diff,Cohort,e4,,,,,,,,,,,,,,,,,,,,,,,,,,,,,,,m1,AUROC,0.0034645106605885045,-0.10057415673785919,0.11032855563636333,0.978
held-out_diff,Cohort,e4,,,,,,,,,,,,,,,,,,,,,,,,,,,,,,,m1,sensitivity,-0.08445945945945948,-0.3001815946007778,0.14625272590977234,0.448
held-out_diff,Cohort,e4,,,,,,,,,,,,,,,,,,,,,,,,,,,,,,,m1,OE,0.31966877163494645,-0.010619377014754258,0.6588743707801659,0.056
held-out,Household income,< 5 million KRW,968.0,47.0,0.9878249391436628,0.7968212165315222,0.7123797864995048,0.8694315167061697,0.2526913482101224,0.13657968036037793,0.3955336741223064,0.44680851063829785,0.2916666666666667,0.5882615546218486,0.9489685124864278,0.9329749487102649,0.9635588573497157,0.3088235294117647,0.18,0.4367042253521122,7.024793388429752,5.229988894864094,8.953759872668847,0.914520714062923,0.6815724666514034,1.1657341472616607,0.05309198387924514,0.047247348210920366,0.05960269604153884,0.04855371900826446,0.033931289962447986,0.06526556587547298,,,,,,
held-out,Household income,5 to < 8 million KRW,918.0,40.0,1.103952833943597,0.8440205011389522,0.7634777500116111,0.9079708556697192,0.33400415591097526,0.17428063997848706,0.5013834521800119,0.4,0.21875,0.5609756097560976,0.9726651480637813,0.9616279069767442,0.98272477630361,0.4,0.2222222222222222,0.5614309210526314,4.357298474945534,2.9833430902638027,5.830226525661352,1.076007363043037,0.7636499176464714,1.3818126304638323,0.04049506187971369,0.03523413045112613,0.04640635103623989,0.04357298474945534,0.02917958635960717,0.05947176098497684,,,,,,
held-out,Household income,>= 8 million KRW,256.0,3.0,1.018593224644919,0.919631093544137,0.8542755876270643,0.9958376013472456,0.16267104542966612,0.030303030303030304,0.6641226148579089,0.3333333333333333,0.0,1.0,0.9644268774703557,0.9399463519313305,0.9845335368591183,0.1,0.0,0.2857142857142857,3.90625,1.6210829584023996,6.725044277800807,0.2912477090762685,0.09136529613032654,0.6438581805787191,0.04023636799467917,0.031283265517041504,0.05131904558318428,0.01171875,0.003676470588235294,0.02637785501489573,,,,,,
held-out_diff,Household income,5 to < 8 million KRW,,,,,,,,,,,,,,,,,,,,,,,,,,,,,,,< 5 million KRW,AUROC,0.04719928460743006,-0.06329285574544798,0.14822777201122914,0.369
held-out_diff,Household income,5 to < 8 million KRW,,,,,,,,,,,,,,,,,,,,,,,,,,,,,,,< 5 million KRW,sensitivity,-0.04680851063829783,-0.27729468599033813,0.1737605187605187,0.692
held-out_diff,Household income,5 to < 8 million KRW,,,,,,,,,,,,,,,,,,,,,,,,,,,,,,,< 5 million KRW,OE,0.1614866489801139,-0.21721841567481273,0.5483091160138586,0.433
held-out_diff,Household income,>= 8 million KRW,,,,,,,,,,,,,,,,,,,,,,,,,,,,,,,< 5 million KRW,AUROC,0.12280987701261481,0.026231231281767214,0.2324295533657364,0.008
held-out_diff,Household income,>= 8 million KRW,,,,,,,,,,,,,,,,,,,,,,,,,,,,,,,< 5 million KRW,sensitivity,-0.11347517730496454,-0.5476190476190477,0.5927014873746108,0.694
held-out_diff,Household income,>= 8 million KRW,,,,,,,,,,,,,,,,,,,,,,,,,,,,,,,< 5 million KRW,OE,-0.6232730049866545,-0.958775628498209,-0.1886923856059508,0.005
held-out,Subjective economic status,Low,290.0,15.0,0.54683890817351,0.6475151515151515,0.47369543063773834,0.8013716097313475,0.17475427290057102,0.050494758851209395,0.3533296705656739,0.26666666666666666,0.062408088235294125,0.5,0.9309090909090909,0.8925569616620753,0.961207731889869,0.17391304347826086,0.03842592592592593,0.3333333333333333,7.931034482758621,4.577407253981405,11.787534326151244,0.9560607929357461,0.5300988006073489,1.4335222023959306,0.05410130643701724,0.04412596382182021,0.06513511740711095,0.05172413793103448,0.027208906818541368,0.08077464788732391,,,,,,
held-out,Subjective economic status,Middle,1635.0,71.0,1.1065637374997548,0.8524638881884659,0.7932552505514984,0.8986784367361221,0.30945469842366696,0.19143128565214282,0.4373068938549689,0.43661971830985913,0.302612959285005,0.5581470854726668,0.9635549872122762,0.954131204861005,0.9722397578166844,0.3522727272727273,0.23529411764705882,0.46080316742081434,5.382262996941896,4.163950675006605,6.629563702469321,0.9401992190261543,0.7363049356098287,1.139269143351624,0.04618710117370497,0.04168078471246385,0.05090093436184427,0.04342507645259939,0.0322940858763165,0.055451770347463084,,,,,,
held-out,Subjective economic status,High,215.0,4.0,1.1849060407139915,0.8530805687203792,0.4924843730849369,0.9967948717948718,0.3238795518207283,0.01350935504237391,0.8727380952380943,0.75,0.0,1.0,0.981042654028436,0.9605911330049262,0.9959464392380699,0.42857142857142855,0.0,0.8571428571428571,3.255813953488372,0.9852216748768473,5.961567071658813,0.5248877966059277,0.13573140547147988,1.0633777472251125,0.03544500611958139,0.027454550225389816,0.04531621096378237,0.018604651162790697,0.0045662100456621,0.03920716112531968,,,,,,
held-out_diff,Subjective economic status,Middle,,,,,,,,,,,,,,,,,,,,,,,,,,,,,,,Low,AUROC,0.20494873667331437,0.04444872187338718,0.38919199312793107,0.013
held-out_diff,Subjective economic status,Middle,,,,,,,,,,,,,,,,,,,,,,,,,,,,,,,Low,sensitivity,0.16995305164319247,-0.0801005446166736,0.42867803837953034,0.181
held-out_diff,Subjective economic status,Middle,,,,,,,,,,,,,,,,,,,,,,,,,,,,,,,Low,OE,-0.015861573909591753,-0.5150170051943112,0.4475315688745451,0.983
held-out_diff,Subjective economic status,High,,,,,,,,,,,,,,,,,,,,,,,,,,,,,,,Low,AUROC,0.2055654172052277,-0.1417465151119052,0.46400747425029615,0.188
held-out_diff,Subjective economic status,High,,,,,,,,,,,,,,,,,,,,,,,,,,,,,,,Low,sensitivity,0.48333333333333334,-0.1863970588235294,0.8888888888888888,0.104
held-out_diff,Subjective economic status,High,,,,,,,,,,,,,,,,,,,,,,,,,,,,,,,Low,OE,-0.4311729963298184,-1.057396501107381,0.2522882087896209,0.225
held-out,Family structure,Two-parent household,1902.0,76.0,1.0514187475325425,0.8285582521473454,0.7670632559303409,0.8786206714074429,0.2831306581989224,0.17124910408518207,0.4054417020304339,0.4473684210526316,0.32250224014336915,0.5633915193287383,0.9649507119386638,0.9557704652766725,0.9732629063515423,0.3469387755102041,0.23435674649532712,0.4519407894736841,5.152471083070452,4.00426844623171,6.323822703406731,0.8844238354989201,0.6936384073542693,1.065181983687084,0.0451796270156217,0.040971425065689425,0.04959792418390579,0.03995793901156677,0.029522275899087493,0.0509146948156722,,,,,,
held-out,Family structure,Other household,240.0,14.0,0.8473752272953827,0.788558786346397,0.647921690549839,0.9040617219394339,0.1899796491983386,0.0892524306068878,0.33667546692392797,0.2857142857142857,0.07692307692307693,0.5294117647058824,0.9292035398230089,0.892852787456446,0.963140665392829,0.2,0.047619047619047616,0.38461538461538464,8.333333333333334,4.602510460251046,12.168235980958649,1.0822203939398776,0.5747708081117201,1.624626211446355,0.053901528431716125,0.043504925457457135,0.0641573270085633,0.058333333333333334,0.028568524970963995,0.09274639594633169,,,,,,
held-out_diff,Family structure,Other household,,,,,,,,,,,,,,,,,,,,,,,,,,,,,,,Two-parent household,AUROC,-0.039999465800948375,-0.19313790050581314,0.08922223344718992,0.585
held-out_diff,Family structure,Other household,,,,,,,,,,,,,,,,,,,,,,,,,,,,,,,Two-parent household,sensitivity,-0.16165413533834588,-0.4127442002442003,0.11251455099778261,0.241
held-out_diff,Family structure,Other household,,,,,,,,,,,,,,,,,,,,,,,,,,,,,,,Two-parent household,OE,0.19779655844095745,-0.326798744496448,0.7597631172967151,0.476
held-out,Grade transition,G7 to G8,765.0,29.0,0.8180085528217587,0.7779703898050975,0.6805106928254543,0.8644538697447648,0.18983223473490346,0.08893550539931475,0.32547921696916465,0.3448275862068966,0.17851890756302521,0.5263157894736842,0.9483695652173914,0.9316330946254745,0.9642869390554576,0.20833333333333334,0.09995098039215687,0.3333333333333333,6.2745098039215685,4.639089916023759,8.101285955653822,0.8450705004641427,0.5625419383935888,1.1645202608269964,0.04485838366290795,0.03961717190335945,0.05058757097261362,0.03790849673202614,0.02470661003495854,0.05249843944806095,,,,,,
held-out,Grade transition,G8 to G9,733.0,32.0,1.309231936995749,0.8957293152639088,0.8305151259480237,0.9444281693022654,0.3578617395173938,0.2069154960130907,0.5282418372536526,0.5625,0.3887820512820513,0.7272727272727273,0.9514978601997147,0.9354352706179192,0.966102890201047,0.34615384615384615,0.21424772036474163,0.4807692307692308,7.094133697135061,5.340321523088696,8.977942834592401,0.781226355154001,0.5434984434671918,1.0187656582730744,0.055881636709989344,0.04991336949915558,0.062002689418535775,0.04365620736698499,0.02924285417076018,0.058745178399228534,,,,,,
held-out,Grade transition,G9 to G10,699.0,32.0,1.0256715439974593,0.8049334707646177,0.7250593656461691,0.877217424619862,0.2862422383913641,0.1478205171446925,0.4457928265401052,0.3125,0.15625,0.4838954056695991,0.9760119940029985,0.9639626092257672,0.9863434611670575,0.38461538461538464,0.2,0.5714285714285714,3.719599427753934,2.4110074122978125,5.109774584419224,1.1888173812121905,0.8127269658328294,1.5912734387564258,0.03850859348807977,0.033778703886081694,0.04389805862055508,0.045779685264663805,0.03056546732496308,0.06179957157869209,,,,,,
held-out_diff,Grade transition,G8 to G9,,,,,,,,,,,,,,,,,,,,,,,,,,,,,,,G7 to G8,AUROC,0.11775892545881128,0.014205341703225153,0.22620463746444452,0.025
held-out_diff,Grade transition,G8 to G9,,,,,,,,,,,,,,,,,,,,,,,,,,,,,,,G7 to G8,sensitivity,0.21767241379310343,-0.031262400793650794,0.4493174161767043,0.082
held-out_diff,Grade transition,G8 to G9,,,,,,,,,,,,,,,,,,,,,,,,,,,,,,,G7 to G8,OE,-0.06384414531014171,-0.4556377198421582,0.3036447791256652,0.719
held-out_diff,Grade transition,G9 to G10,,,,,,,,,,,,,,,,,,,,,,,,,,,,,,,G7 to G8,AUROC,0.02696308095952027,-0.09249200533646945,0.1447181151880129,0.633
held-out_diff,Grade transition,G9 to G10,,,,,,,,,,,,,,,,,,,,,,,,,,,,,,,G7 to G8,sensitivity,-0.032327586206896575,-0.27417454400213015,0.2039562569213731,0.809
held-out_diff,Grade transition,G9 to G10,,,,,,,,,,,,,,,,,,,,,,,,,,,,,,,G7 to G8,OE,0.3437468807480478,-0.14248021923279056,0.810589969037449,0.165
dev OOF,Sex,Male,4473.0,193.0,0.9536810792912036,0.7850479395670912,0.7514598231325056,0.8186710148289069,0.2145219467014109,0.15793000615018982,0.27813445957962435,0.3316062176165803,0.258858535933743,0.40331976349714066,0.9640186915887851,0.9583515990486776,0.9698043088393427,0.29357798165137616,0.22328987517337034,0.36123348017621143,4.873686563827409,4.1438115808792935,5.579535944193991,0.9912888233073059,0.8684342114520851,1.1199734186714412,0.04352694646368029,0.04091401058526869,0.04602905675159199,0.04314777554214174,0.03649757633623747,0.050043278091343665,,,,,,
dev OOF,Sex,Female,4073.0,220.0,1.0729868046596778,0.8473126017507019,0.8156006255936055,0.8756110268676145,0.3562074968338937,0.278683101948833,0.435889689528071,0.4863636363636364,0.4187984496124031,0.5525197683483684,0.9488710096029068,0.9418477605399042,0.9561367871868629,0.3519736842105263,0.2948675496688742,0.41122443451171603,7.4637859071937145,6.510767926907167,8.409710938401513,1.0372523567627625,0.9216857720953424,1.1575838310625641,0.0520743479305521,0.048512430978855735,0.055789138260689264,0.05401424011784925,0.04600147439947162,0.06251613894258636,,,,,,
dev OOF_diff,Sex,Female,,,,,,,,,,,,,,,,,,,,,,,,,,,,,,,Male,AUROC,0.06226466218361071,0.01588757676383501,0.10857458816582717,0.012
dev OOF_diff,Sex,Female,,,,,,,,,,,,,,,,,,,,,,,,,,,,,,,Male,sensitivity,0.15475741874705606,0.055756038133087375,0.25539505228837334,0.005
dev OOF_diff,Sex,Female,,,,,,,,,,,,,,,,,,,,,,,,,,,,,,,Male,OE,0.04596353345545656,-0.12817218354135468,0.22032439835703047,0.584
dev OOF,Cohort,m1,4405.0,231.0,0.9378469675288431,0.7834745912129717,0.7500431834105908,0.8179336266635545,0.26079257810496104,0.19225641646720465,0.33597955010278246,0.36796536796536794,0.3004915063288343,0.43204033321347235,0.9506468615237182,0.9436069315895192,0.9575889643536397,0.2920962199312715,0.23187739769820973,0.35058413429984087,6.606129398410896,5.78123648752342,7.424929719814725,1.0334285290208534,0.9133798123303155,1.1528687778161326,0.05074410774806715,0.04782891987137482,0.05386131706184588,0.05244040862656073,0.04500039761064726,0.060271098954940705,,,,,,
dev OOF,Cohort,e4,4370.0,193.0,1.0652473194384997,0.8396424535545629,0.8075691732758937,0.8708239001732062,0.3021998752877936,0.23184872502883933,0.38274772925185724,0.44559585492227977,0.3693141992353441,0.5197864177737058,0.9593009336844626,0.952738464953221,0.9653534613526009,0.3359375,0.2711022864019254,0.40136590069098504,5.85812356979405,5.060421852610782,6.737092332101117,0.9625775531731016,0.8356268662644611,1.0912751368612277,0.045881767738934855,0.042892586859934856,0.049111735196099605,0.04416475972540046,0.036514108493931975,0.05196360278907377,,,,,,
dev OOF_diff,Cohort,e4,,,,,,,,,,,,,,,,,,,,,,,,,,,,,,,m1,AUROC,0.05616786234159121,0.009073319596365093,0.10514590321567416,0.021
dev OOF_diff,Cohort,e4,,,,,,,,,,,,,,,,,,,,,,,,,,,,,,,m1,sensitivity,0.07763048695691183,-0.024945806442636474,0.1749220782625862,0.158
dev OOF_diff,Cohort,e4,,,,,,,,,,,,,,,,,,,,,,,,,,,,,,,m1,OE,-0.0708509758477518,-0.24804516477820734,0.10327632696122027,0.433
dev OOF,Household income,< 5 million KRW,3807.0,223.0,0.962189972501398,0.8018435197789878,0.7667316309768908,0.834167522104917,0.2759616240412811,0.21144172956312093,0.34889295244169855,0.36771300448430494,0.296109425566343,0.4406019351935193,0.9503348214285714,0.9426415893669031,0.9582208144365909,0.3153846153846154,0.2529892679963551,0.37642697383135765,6.829524560021014,5.896349570964777,7.719386405712774,1.1373775247807745,1.0096284886696933,1.2595978611602174,0.05150119949358726,0.048183772721043655,0.05473624733018569,0.05857630680325716,0.05028494006124539,0.06689458062109735,,,,,,
dev OOF,Household income,5 to < 8 million KRW,3616.0,139.0,1.0466273258783185,0.8106198389002345,0.7669621066915876,0.8498021854260465,0.2835166295803421,0.200316009253647,0.3783952247297603,0.4172661870503597,0.3262332545311269,0.5,0.9628990509059534,0.9562821694121014,0.9693437542738497,0.31016042780748665,0.24095580181689324,0.37850533291092453,5.17146017699115,4.398005640920474,5.991361222519311,0.8893957632392628,0.7496808347252292,1.023124445791761,0.04322065280221553,0.0402628981635242,0.04646451631158402,0.03844026548672566,0.031421949342548265,0.045454545454545456,,,,,,
dev OOF,Household income,>= 8 million KRW,1118.0,51.0,1.1375463986837675,0.8798537221824062,0.8278657930453707,0.9275247809920815,0.385704317306494,0.2568739490161182,0.5326583598912525,0.6078431372549019,0.48644553644553645,0.7333673469387753,0.9587628865979382,0.9468364981465734,0.9708037780417631,0.41333333333333333,0.31371817383669887,0.525,6.708407871198569,5.111376904549976,8.392923773987206,0.9399586709044938,0.7135165659953296,1.1715694625563622,0.04853104177469233,0.04258681913601635,0.05510050714564098,0.04561717352415027,0.032141650579150575,0.05998578026745021,,,,,,
dev OOF_diff,Household income,5 to < 8 million KRW,,,,,,,,,,,,,,,,,,,,,,,,,,,,,,,< 5 million KRW,AUROC,0.008776319121246656,-0.04426489191772809,0.0633796079356177,0.757
dev OOF_diff,Household income,5 to < 8 million KRW,,,,,,,,,,,,,,,,,,,,,,,,,,,,,,,< 5 million KRW,sensitivity,0.04955318256605479,-0.05987582497442423,0.16412701069704108,0.392
dev OOF_diff,Household income,5 to < 8 million KRW,,,,,,,,,,,,,,,,,,,,,,,,,,,,,,,< 5 million KRW,OE,-0.24798176154151164,-0.4345712247486497,-0.07113830257147266,0.011
dev OOF_diff,Household income,>= 8 million KRW,,,,,,,,,,,,,,,,,,,,,,,,,,,,,,,< 5 million KRW,AUROC,0.07801020240341838,0.01848179875862279,0.13674117339917324,0.011
dev OOF_diff,Household income,>= 8 million KRW,,,,,,,,,,,,,,,,,,,,,,,,,,,,,,,< 5 million KRW,sensitivity,0.24013013277059697,0.10058296953633904,0.38672483766233756,0.003
dev OOF_diff,Household income,>= 8 million KRW,,,,,,,,,,,,,,,,,,,,,,,,,,,,,,,< 5 million KRW,OE,-0.19741885387628066,-0.4635900837717468,0.07306311682584458,0.138
dev OOF,Subjective economic status,Low,1073.0,68.0,0.9609571167177011,0.7884986830553117,0.7149790092834609,0.8532911519911969,0.29490213037924684,0.192374043659653,0.4248661828220356,0.5,0.36666666666666664,0.6216298615688859,0.9323383084577115,0.9157463806612345,0.9485636277302943,0.3333333333333333,0.2333252427184466,0.43137254901960786,9.506057781919852,7.5697946098674205,11.542477641407965,1.0301372105457187,0.8167868948325798,1.2610181270823304,0.06151968679255834,0.05494538335792529,0.068450256965267,0.06337371854613234,0.04793148101191395,0.07944017059135615,,,,,,
dev OOF,Subjective economic status,Middle,6544.0,303.0,1.025532016501428,0.8200614164925546,0.7933268468965876,0.846188339327161,0.29435528448876797,0.23698619785282993,0.35587553830554974,0.39603960396039606,0.34192582916855974,0.4533828602457358,0.9593013940073706,0.9542614001569225,0.9643141628166322,0.32085561497326204,0.2722295124603963,0.37216066919191915,5.715158924205379,5.108676453512802,6.372736518107853,1.0038572822264218,0.908667497439022,1.1071628240104507,0.04612404254071702,0.04390039776162292,0.04857585663638645,0.04630195599022005,0.04074695707695617,0.05251658603411477,,,,,,
dev OOF,Subjective economic status,High,919.0,42.0,1.0639003334608013,0.8498126730737905,0.789533993808686,0.902910889224562,0.285357918233126,0.16886377880620954,0.4544413601514882,0.40476190476190477,0.25,0.5434782608695652,0.9669327251995439,0.9547510063628101,0.9785328867002596,0.3695652173913043,0.22727272727272727,0.52,5.00544069640914,3.54728026509645,6.50527016618875,1.0877610109398064,0.8067656217293891,1.3907217487996317,0.04201460557709594,0.03658213348928421,0.047739893753346085,0.04570184983677911,0.031503101726777505,0.0614406779661017,,,,,,
dev OOF_diff,Subjective economic status,Middle,,,,,,,,,,,,,,,,,,,,,,,,,,,,,,,Low,AUROC,0.03156273343724292,-0.041220539309698406,0.11036778172813826,0.394
dev OOF_diff,Subjective economic status,Middle,,,,,,,,,,,,,,,,,,,,,,,,,,,,,,,Low,sensitivity,-0.10396039603960394,-0.2391389016332776,0.0397928390910772,0.17
dev OOF_diff,Subjective economic status,Middle,,,,,,,,,,,,,,,,,,,,,,,,,,,,,,,Low,OE,-0.02627992831929693,-0.2743977495292407,0.21431621899283768,0.82
dev OOF_diff,Subjective economic status,High,,,,,,,,,,,,,,,,,,,,,,,,,,,,,,,Low,AUROC,0.061313990018478814,-0.03248175750300287,0.15109561575963507,0.159
dev OOF_diff,Subjective economic status,High,,,,,,,,,,,,,,,,,,,,,,,,,,,,,,,Low,sensitivity,-0.09523809523809523,-0.29243899327790884,0.10228910404741583,0.356
dev OOF_diff,Subjective economic status,High,,,,,,,,,,,,,,,,,,,,,,,,,,,,,,,Low,OE,0.057623800394087654,-0.32365493918037674,0.435714214936483,0.746
dev OOF,Family structure,Two-parent household,7578.0,357.0,1.0051224391676514,0.811558801612322,0.7857166101929165,0.8366043643204422,0.29085506873037104,0.2388794961598671,0.3529657553231134,0.40896358543417366,0.3575700812156144,0.46281255944706307,0.9576235978396344,0.9528688687702801,0.9622910429875431,0.3230088495575221,0.2783240086485523,0.37177153610259267,5.9646344681974135,5.3615947803114965,6.586446020863248,1.0026338349092379,0.9157303577216586,1.0998393844734151,0.046986301263071975,0.044633841858282945,0.049380746479104336,0.047110055423594616,0.04147280118540153,0.05300061468595136,,,,,,
dev OOF,Family structure,Other household,966.0,56.0,1.1282476248560842,0.865502354788069,0.8140271730621172,0.911004219131683,0.2989766344035897,0.19383460624574073,0.4259633804672911,0.44642857142857145,0.2909090909090909,0.5892857142857143,0.9505494505494505,0.9358281496395174,0.9652930127209399,0.35714285714285715,0.2236842105263158,0.48612049549549546,7.246376811594203,5.302853299348627,9.119725201597117,1.1059563764740927,0.840753760382187,1.3402983300412465,0.05241708961213409,0.046003627187835516,0.059094466306015676,0.057971014492753624,0.04040325616412573,0.0754325671546065,,,,,,
dev OOF_diff,Family structure,Other household,,,,,,,,,,,,,,,,,,,,,,,,,,,,,,,Two-parent household,AUROC,0.05394355317574706,-0.0038605109585598844,0.10684161071441636,0.064
dev OOF_diff,Family structure,Other household,,,,,,,,,,,,,,,,,,,,,,,,,,,,,,,Two-parent household,sensitivity,0.03746498599439779,-0.12739303249941553,0.18916106883598113,0.682
dev OOF_diff,Family structure,Other household,,,,,,,,,,,,,,,,,,,,,,,,,,,,,,,Two-parent household,OE,0.10332254156485488,-0.19188675987123616,0.3614231616367826,0.489
dev OOF,Grade transition,G7 to G8,3013.0,125.0,0.9141406785369335,0.7963310249307479,0.7505884528030401,0.8431944703138164,0.23833458649136924,0.176482795832479,0.3186762036463574,0.368,0.28430047694753574,0.4560173228346456,0.9560249307479224,0.9485835223370244,0.9630913930678949,0.2658959537572254,0.2046750398724083,0.33146067415730335,5.741785595751742,4.92397942603447,6.546135431136492,0.9259240947503534,0.7852049891515372,1.0796321988870994,0.044805929965458506,0.04197490132446577,0.04785824110423964,0.0414868901427149,0.03470107866372043,0.04860510863130422,,,,,,
dev OOF,Grade transition,G8 to G9,2905.0,182.0,1.0217274125840943,0.8142945926640381,0.7797875260119222,0.8461114080709818,0.3132432173967186,0.25183367068613777,0.38769737754914246,0.42857142857142855,0.36,0.5026760126451384,0.9471171502019831,0.9389113064491579,0.9555071497516631,0.35135135135135137,0.29278738345332234,0.4142857142857143,7.641996557659208,6.7078937201893325,8.6010826269751,1.1285675774937296,0.9924797161559081,1.2693753574994802,0.05551338143947933,0.052195591962615355,0.05878489746139348,0.06265060240963856,0.05442598684366605,0.07098877723877722,,,,,,
dev OOF,Grade transition,G9 to G10,2857.0,117.0,1.060828705776813,0.814492482375694,0.7757507838653063,0.8518686347383863,0.3173795473734398,0.23567857405022294,0.40767807818120444,0.4017094017094017,0.3185840707964602,0.48760834509171536,0.9616788321167883,0.9546609621318692,0.968695754397088,0.3092105263157895,0.2376997950819672,0.38298217739707097,5.320266013300665,4.507703581980776,6.101378185200713,0.9157474783523218,0.773692873926084,1.0670277855641823,0.044719803843810704,0.04204707937237737,0.047569263758643614,0.040952047602380116,0.03404541571798209,0.04846630531253962,,,,,,
dev OOF_diff,Grade transition,G8 to G9,,,,,,,,,,,,,,,,,,,,,,,,,,,,,,,G7 to G8,AUROC,0.01796356773329022,-0.037841225351310126,0.07311134983423308,0.54
dev OOF_diff,Grade transition,G8 to G9,,,,,,,,,,,,,,,,,,,,,,,,,,,,,,,G7 to G8,sensitivity,0.060571428571428554,-0.04280216921411217,0.1633928643313757,0.27
dev OOF_diff,Grade transition,G8 to G9,,,,,,,,,,,,,,,,,,,,,,,,,,,,,,,G7 to G8,OE,0.20264348274337618,-0.007053623062712193,0.41133495618489646,0.061
dev OOF_diff,Grade transition,G9 to G10,,,,,,,,,,,,,,,,,,,,,,,,,,,,,,,G7 to G8,AUROC,0.018161457444946127,-0.038895973643831114,0.07593519785281438,0.53
dev OOF_diff,Grade transition,G9 to G10,,,,,,,,,,,,,,,,,,,,,,,,,,,,,,,G7 to G8,sensitivity,0.03370940170940173,-0.0814126522702104,0.14673755968266064,0.558
dev OOF_diff,Grade transition,G9 to G10,,,,,,,,,,,,,,,,,,,,,,,,,,,,,,,G7 to G8,OE,-0.01017661639803158,-0.2104143358365058,0.18610177364449626,0.905
