analysis,label,threshold,flagged,flagged_pct,sensitivity,specificity,PPV,NPV,balanced_accuracy,F1,number_needed_to_screen,net_benefit_at_own_threshold
P5_thresholds,"F1-optimal (frozen, submitted analysis)",0.3,126,5.735093309057806,0.40860215053763443,0.9581749049429658,0.30158730158730157,0.9734427812650893,0.6833885277403001,0.3470319634703196,3.3157894736842106,0.0001300474673255718
P5_thresholds,sensitivity of at least 0.50,0.19919425,187,8.511606736458807,0.5053763440860215,0.9334600760456274,0.25133689839572193,0.9771144278606965,0.7194182100658244,0.3357142857142857,3.978723404255319,0.005542139493152111
P5_thresholds,sensitivity of at least 0.70,0.054616384,517,23.532089212562585,0.7096774193548387,0.7856463878326996,0.1276595744680851,0.9839285714285714,0.7476619035937692,0.21639344262295082,7.833333333333333,0.018181602107066555
P5_thresholds,sensitivity of at least 0.80,0.030814601,832,37.8698224852071,0.8064516129032258,0.6402091254752852,0.09014423076923077,0.9868131868131869,0.7233303691892554,0.16216216216216217,11.093333333333334,0.02318238130487795
P5_thresholds,sensitivity of at least 0.90,0.019332362,1152,52.43513882567137,0.9032258064516129,0.4923954372623574,0.07291666666666667,0.9913875598086125,0.6978106218569852,0.13493975903614458,13.714285714285714,0.028650893995073767
P5_thresholds,fixed threshold 0.05,0.05,553,25.170687300864817,0.7311827956989247,0.7694866920152091,0.12296564195298372,0.9847931873479319,0.7503347438570669,0.21052631578947367,8.132352941176471,0.01933258270847807
P5_thresholds,fixed threshold 0.10,0.1,312,14.201183431952662,0.5806451612903226,0.8773764258555133,0.17307692307692307,0.9793103448275862,0.729010793572918,0.26666666666666666,5.777777777777778,0.011530875436200879
P5_thresholds,fixed threshold 0.20,0.2,184,8.375056895766955,0.4946236559139785,0.9344106463878327,0.25,0.9766517635370094,0.7145171511509056,0.33212996389891697,4.0,0.005234410559854349
P5_thresholds,fixed threshold 0.40,0.4,89,4.050978607191625,0.3225806451612903,0.971958174904943,0.33707865168539325,0.9701138519924098,0.6472694100331167,0.32967032967032966,2.966666666666667,-0.004248217265968746
P5_thresholds,fixed threshold 0.50,0.5,75,3.413746017296313,0.2903225806451613,0.9771863117870723,0.36,0.9688972667295005,0.6337544462161168,0.32142857142857145,2.7777777777777777,-0.009558488848429678
