analysis,metric,value,lo,hi,true,predicted,n,cls,n_test,n_dev,median,q1,q3,flagged
C1_three_class,AUROC general use,0.737654999510627,0.7124342086775316,0.7618866196591529,,,,,,,,,,
C1_three_class,PR-AUC general use,0.8919509047173801,0.8757598984135188,0.9080861813841129,,,,,,,,,,
C1_three_class,recall general use,0.4911694510739857,0.46599688997970956,0.5178803484339812,,,,,,,,,,
C1_three_class,precision general use,0.9042179261862917,0.8862207822533567,0.921672721080713,,,,,,,,,,
C1_three_class,AUROC potential risk,0.6916643205105236,0.6636146320369302,0.7185902930321763,,,,,,,,,,
C1_three_class,PR-AUC potential risk,0.36668026699490525,0.32398715495195113,0.41605192112777556,,,,,,,,,,
C1_three_class,recall potential risk,0.7621722846441947,0.7260497468656976,0.7979316555637799,,,,,,,,,,
C1_three_class,precision potential risk,0.27687074829931974,0.2508781214859922,0.3035160865245261,,,,,,,,,,
C1_three_class,AUROC high risk,0.7814720426017497,0.7279728649464093,0.8274706241170354,,,,,,,,,,
C1_three_class,PR-AUC high risk,0.1476142084076128,0.09287582268496325,0.21274503870928374,,,,,,,,,,
C1_three_class,recall high risk,0.28,0.1836734693877551,0.37,,,,,,,,,,
C1_three_class,precision high risk,0.23140495867768596,0.14952246269880307,0.3114783796626277,,,,,,,,,,
C1_three_class,macro AUROC,0.7369304542076334,0.7111894905518605,0.7606556697127389,,,,,,,,,,
C1_three_class,macro F1,0.4320472533534774,0.40021025738126575,0.4629129622381459,,,,,,,,,,
C1_three_class,quadratic-weighted kappa,0.24252850523906244,0.20350138302797752,0.28124272178051,,,,,,,,,,
C1_three_class,"AUROC elevated (potential or high) vs general, P(potential)+P(high)",0.737654999510627,0.7124342086775316,0.7618866196591529,,,,,,,,,,
C1_confusion,,,,,general use,general use,1029.0,,,,,,,
C1_confusion,,,,,general use,potential risk,1007.0,,,,,,,
C1_confusion,,,,,general use,high risk,59.0,,,,,,,
C1_confusion,,,,,potential risk,general use,93.0,,,,,,,
C1_confusion,,,,,potential risk,potential risk,407.0,,,,,,,
C1_confusion,,,,,potential risk,high risk,34.0,,,,,,,
C1_confusion,,,,,high risk,general use,16.0,,,,,,,
C1_confusion,,,,,high risk,potential risk,56.0,,,,,,,
C1_confusion,,,,,high risk,high risk,28.0,,,,,,,
C1_counts,,,,,,,,general use,2095.0,8360.0,,,,
C1_counts,,,,,,,,potential risk,534.0,2124.0,,,,
C1_counts,,,,,,,,high risk,100.0,417.0,,,,
C2_elevated,threshold,0.75,,,,,,,,,,,,
C2_elevated,prevalence,0.232319530963723,,,,,,,,,,,,
C2_elevated,AUROC,0.7339026373444358,0.7090120302766115,0.7580688389544096,,,,,,,,,,
C2_elevated,PR-AUC,0.4535821109703966,0.4067545331776275,0.5025360732681149,,,,,,,,,,
C2_elevated,SAPS sum alone AUROC,0.6862971774466772,0.6596784298201598,0.7110946650033222,,,,,,,,,,
C2_elevated,AUROC minus SAPS sum alone,0.04760545989775866,0.032138162643642665,0.06336578696506544,,,,,,,,,,
C2_elevated,sens,0.583596214511041,0.5438856752710001,0.6227051062603802,,,,,,,,,,
C2_elevated,spec,0.7732696897374701,0.7523330274414612,0.7943608564366266,,,,,,,,,,
C2_elevated,ppv,0.4378698224852071,0.40118944991789823,0.4758495038976332,,,,,,,,,,
C2_elevated,npv,0.8598726114649682,0.8442163294295489,0.8758737926948567,,,,,,,,,,
C2_elevated,f1,0.5003380662609872,0.46415022491193303,0.5344438191943445,,,,,,,,,,
C3_onset,n,2029.0,,,,,,,,,,,,
C3_onset,events,314.0,,,,,,,,,,,,
C3_onset,"AUROC, elevated-risk model",0.6663088893428163,0.6339899504912492,0.698730665312513,,,,,,,,,,
C3_onset,"PR-AUC, elevated-risk model",0.2571736398568474,0.22227786439025152,0.30585997407121407,,,,,,,,,,
C3_onset,"AUROC, SAPS sum alone",0.6193942545170935,0.587938815474633,0.6519065834137326,,,,,,,,,,
C3_onset,AUROC difference,0.04691463482572278,0.02352142515302432,0.06953752943739833,,,,,,,,,,
C4_primary_design,,,,,,,2095.0,general use,,,0.020467713475227356,0.012091464828699827,0.039933763444423676,0.044391408114558474
C4_primary_design,,,,,,,534.0,potential risk,,,0.040282610803842545,0.02043598284944892,0.1261525172740221,0.1198501872659176
C4_primary_design,,,,,,,100.0,high risk,,,0.18095987290143967,0.04613759554922581,0.720855101943016,0.38
C4_primary_design,AUROC potential vs general,0.6831036085561306,0.655312936652682,0.7095900623678023,,,,,,,,,,
C4_primary_design,AUROC high vs potential,0.7097003745318352,0.6457442909926665,0.7688097251327084,,,,,,,,,,
C4_primary_design,AUROC elevated vs general,0.7075924350451352,0.6815597870671763,0.7328885791760371,,,,,,,,,,
