analysis,partition,stratum,cohort,outcome_year,n,events,prevalence,saps_mean,saps_sd,score,contrast,AUROC,lo,hi,se,p,mdd80,train_cohort,delta_nonzero,slope_nonzero,baseline_equals_current,AUROC_full,AUROC_no_traj
T1_counts,analytic,G7->G8,all,,3778.0,154.0,4.076230809952356,30.415177343964807,7.098611599220109,,,,,,,,,,,,,,
T1_counts,analytic,G7->G8,m1,2019.0,1879.0,70.0,3.7253858435337945,29.813714902807774,7.250281078083818,,,,,,,,,,,,,,
T1_counts,analytic,G7->G8,e4,2022.0,1899.0,84.0,4.423380726698262,31.03921568627451,6.884426065727071,,,,,,,,,,,,,,
T1_counts,analytic,G8->G9,all,,3638.0,214.0,5.882352941176471,31.676529160739687,6.884509796922904,,,,,,,,,,,,,,
T1_counts,analytic,G8->G9,m1,2020.0,1778.0,116.0,6.524184476940382,31.108708357685565,7.060878970741279,,,,,,,,,,,,,,
T1_counts,analytic,G8->G9,e4,2023.0,1860.0,98.0,5.268817204301075,32.21507760532151,6.6703768054883135,,,,,,,,,,,,,,
T1_counts,analytic,G9->G10,all,,3556.0,149.0,4.190101237345332,32.15597667638484,6.859918888871346,,,,,,,,,,,,,,
T1_counts,analytic,G9->G10,m1,2021.0,1770.0,82.0,4.632768361581921,31.8135593220339,7.368318677339869,,,,,,,,,,,,,,
T1_counts,analytic,G9->G10,e4,2024.0,1786.0,67.0,3.7513997760358344,32.496800465386855,6.297057187410097,,,,,,,,,,,,,,
T1_counts,development,G7->G8,all,,3013.0,125.0,4.14868901427149,30.385940730530667,7.112523156647397,,,,,,,,,,,,,,
T1_counts,development,G7->G8,m1,2019.0,1524.0,64.0,4.199475065616798,29.83189368770764,7.242130225386459,,,,,,,,,,,,,,
T1_counts,development,G7->G8,e4,2022.0,1489.0,61.0,4.09670920080591,30.982820329277022,6.923320691975905,,,,,,,,,,,,,,
T1_counts,development,G8->G9,all,,2905.0,182.0,6.265060240963855,31.689483065953656,6.881836887122346,,,,,,,,,,,,,,
T1_counts,development,G8->G9,m1,2020.0,1441.0,101.0,7.009021512838307,31.149963950973323,7.092503994610256,,,,,,,,,,,,,,
T1_counts,development,G8->G9,e4,2023.0,1464.0,81.0,5.532786885245901,32.217207334273624,6.6294769638125866,,,,,,,,,,,,,,
T1_counts,development,G9->G10,all,,2857.0,117.0,4.095204760238012,32.2497277676951,6.891423403035667,,,,,,,,,,,,,,
T1_counts,development,G9->G10,m1,2021.0,1440.0,66.0,4.583333333333333,31.902439024390244,7.42614904697256,,,,,,,,,,,,,,
T1_counts,development,G9->G10,e4,2024.0,1417.0,51.0,3.599153140437544,32.60543717854519,6.279701178076889,,,,,,,,,,,,,,
T1_counts,test,G7->G8,all,,765.0,29.0,3.7908496732026142,30.53061224489796,7.0470452215727075,,,,,,,,,,,,,,
T1_counts,test,G7->G8,m1,2019.0,355.0,6.0,1.6901408450704225,29.734870317002883,7.295498665473896,,,,,,,,,,,,,,
T1_counts,test,G7->G8,e4,2022.0,410.0,23.0,5.609756097560975,31.242268041237114,6.747423051811184,,,,,,,,,,,,,,
T1_counts,test,G8->G9,all,,733.0,32.0,4.365620736698499,31.625352112676055,6.899678419150379,,,,,,,,,,,,,,
T1_counts,test,G8->G9,m1,2020.0,337.0,15.0,4.451038575667655,30.932098765432098,6.931890269060055,,,,,,,,,,,,,,
T1_counts,test,G8->G9,e4,2023.0,396.0,17.0,4.292929292929293,32.20725388601036,6.827260044263573,,,,,,,,,,,,,,
T1_counts,test,G9->G10,all,,699.0,32.0,4.577968526466381,31.773333333333333,6.7212758432774,,,,,,,,,,,,,,
T1_counts,test,G9->G10,m1,2021.0,330.0,16.0,4.848484848484849,31.422712933753942,7.106637222814971,,,,,,,,,,,,,,
T1_counts,test,G9->G10,e4,2024.0,369.0,16.0,4.336043360433604,32.08379888268156,6.3544876031773265,,,,,,,,,,,,,,
T2_test,,G7->G8,,,765.0,29.0,,,,XGBoost,,0.7779703898050975,0.6805106928254543,0.8644538697447648,0.046942782859538894,,,,,,,,
T2_test,,G8->G9,,,733.0,32.0,,,,XGBoost,,0.8957293152639088,0.8305151259480237,0.9444281693022654,0.028925940565720475,,,,,,,,
T2_test,,G9->G10,,,699.0,32.0,,,,XGBoost,,0.8049334707646177,0.7250593656461691,0.877217424619862,0.03895729142942226,,,,,,,,
T2_test_diff,,,,,,,,,,XGBoost,G8->G9 minus G7->G8,0.11775892545881128,0.014205341703225153,0.22620463746444452,0.05245270724051253,0.025,0.14686758027343508,,,,,,
T2_test_diff,,,,,,,,,,XGBoost,G9->G10 minus G7->G8,0.02696308095952027,-0.09249200533646945,0.1447181151880129,0.06012784225646304,0.633,0.1683579583180965,,,,,,
T2_test_diff,,,,,,,,,,XGBoost,G8->G9 minus G9->G10,0.09079584449929101,0.004711098355284403,0.1813958497833444,0.04623206127948641,0.045,0.12944977158256193,,,,,,
T2_test_wald,,,,,,,,,,XGBoost,equal AUROC across the three transitions,7.0693409052598035,,,,0.029168367764594246,,,,,,,
T2_test,,G7->G8,,,765.0,29.0,,,,LightGBM,,0.779891304347826,0.6863002028841475,0.8607891795781353,0.04529385053451479,,,,,,,,
T2_test,,G8->G9,,,733.0,32.0,,,,LightGBM,,0.8694276034236804,0.8003583580028064,0.930006745510549,0.03346420215206091,,,,,,,,
T2_test,,G9->G10,,,699.0,32.0,,,,LightGBM,,0.800599700149925,0.7143065284995199,0.8760849381936743,0.041547461132991806,,,,,,,,
T2_test_diff,,,,,,,,,,LightGBM,G8->G9 minus G7->G8,0.08953629907585436,-0.0138893734673864,0.19149030976689885,0.05290369754366567,0.087,0.14813035312226386,,,,,,
T2_test_diff,,,,,,,,,,LightGBM,G9->G10 minus G7->G8,0.020708395802098933,-0.10036419068625375,0.13418100826444226,0.0604940145457193,0.687,0.16938324072801403,,,,,,
T2_test_diff,,,,,,,,,,LightGBM,G8->G9 minus G9->G10,0.06882790327375543,-0.031115688665470743,0.17210504834725576,0.051433583975349896,0.18,0.1440140351309797,,,,,,
T2_test_wald,,,,,,,,,,LightGBM,equal AUROC across the three transitions,3.5516105163063223,,,,0.16934702650517092,,,,,,,
T2_test,,G7->G8,,,765.0,29.0,,,,CatBoost,,0.7361319340329835,0.6304145325787415,0.833468939318773,0.05278771236393568,,,,,,,,
T2_test,,G8->G9,,,733.0,32.0,,,,CatBoost,,0.9017029243937232,0.8577202741530715,0.9389981018949782,0.021179571655819688,,,,,,,,
T2_test,,G9->G10,,,699.0,32.0,,,,CatBoost,,0.8019349700149925,0.7143203215861404,0.8752089562552109,0.04065168517105332,,,,,,,,
T2_test_diff,,,,,,,,,,CatBoost,G8->G9 minus G7->G8,0.16557099036073974,0.05994328109368493,0.2729610665831634,0.05459605175406973,0.002,0.15286894491139524,,,,,,
T2_test_diff,,,,,,,,,,CatBoost,G9->G10 minus G7->G8,0.06580303598200898,-0.06273441483871504,0.19160971180105757,0.06561237693095279,0.304,0.1837146554066678,,,,,,
T2_test_diff,,,,,,,,,,CatBoost,G8->G9 minus G9->G10,0.09976795437873076,0.015690230220979193,0.18875861794178117,0.044743140193236844,0.018,0.12528079254106317,,,,,,
T2_test_wald,,,,,,,,,,CatBoost,equal AUROC across the three transitions,12.534144462587452,,,,0.0018977767086919292,,,,,,,
T2_test,,G7->G8,,,765.0,29.0,,,,RandomForest,,0.7512649925037481,0.651092644425167,0.8440774591170906,0.04982885768037254,,,,,,,,
T2_test,,G8->G9,,,733.0,32.0,,,,RandomForest,,0.8816422967189729,0.8142469406609621,0.9334069142934068,0.030701134003323804,,,,,,,,
T2_test,,G9->G10,,,699.0,32.0,,,,RandomForest,,0.8177473763118441,0.7414505951168964,0.8834450301301944,0.036646723046841204,,,,,,,,
T2_test_diff,,,,,,,,,,RandomForest,G8->G9 minus G7->G8,0.13037730421522475,0.023210986777963207,0.2390864052294393,0.05517982346535909,0.019,0.15450350570300544,,,,,,
T2_test_diff,,,,,,,,,,RandomForest,G9->G10 minus G7->G8,0.06648238380809601,-0.052372433758278256,0.18812567372766759,0.06169606197439234,0.277,0.17274897352829854,,,,,,
T2_test_diff,,,,,,,,,,RandomForest,G8->G9 minus G9->G10,0.06389492040712874,-0.02571622754250681,0.15460262874415,0.045808924032673705,0.162,0.12826498729148636,,,,,,
T2_test_wald,,,,,,,,,,RandomForest,equal AUROC across the three transitions,6.220169454323329,,,,0.04459717658800477,,,,,,,
T2_test,,G7->G8,,,765.0,29.0,,,,ExtraTrees,,0.7593234632683659,0.6560572068480012,0.8514417967614479,0.050042761542547276,,,,,,,,
T2_test,,G8->G9,,,733.0,32.0,,,,ExtraTrees,,0.8803495007132668,0.8087608927573295,0.9359149151026188,0.033645613157785116,,,,,,,,
T2_test,,G9->G10,,,699.0,32.0,,,,ExtraTrees,,0.8201836581709145,0.7459478356591946,0.8834181521844648,0.03512240073243451,,,,,,,,
T2_test_diff,,,,,,,,,,ExtraTrees,G8->G9 minus G7->G8,0.12102603744490092,0.008887514634904076,0.23624394999224724,0.05703977483908988,0.037,0.15971136954945167,,,,,,
T2_test_diff,,,,,,,,,,ExtraTrees,G9->G10 minus G7->G8,0.06086019490254868,-0.05625869457029773,0.17797320502908512,0.060854620422240095,0.317,0.17039293718227225,,,,,,
T2_test_diff,,,,,,,,,,ExtraTrees,G8->G9 minus G9->G10,0.060165842542352244,-0.034999497811820865,0.1511335534911565,0.047635032512109515,0.211,0.13337809103390663,,,,,,
T2_test_wald,,,,,,,,,,ExtraTrees,equal AUROC across the three transitions,4.845994947306555,,,,0.08865547632862851,,,,,,,
T2_test,,G7->G8,,,765.0,29.0,,,,LogRegEN,,0.6482852323838081,0.5410142896889131,0.7511474768967863,0.05354292427400045,,,,,,,,
T2_test,,G8->G9,,,733.0,32.0,,,,LogRegEN,,0.8355920114122682,0.7714875266345855,0.8951465878448565,0.0317391535164693,,,,,,,,
T2_test,,G9->G10,,,699.0,32.0,,,,LogRegEN,,0.7418946776611695,0.6539506096016044,0.8229845543994915,0.04509719386575247,,,,,,,,
T2_test_diff,,,,,,,,,,LogRegEN,G8->G9 minus G7->G8,0.18730677902846016,0.07675874395282488,0.3081192847709069,0.0588287403032145,0.001,0.1647204728490006,,,,,,
T2_test_diff,,,,,,,,,,LogRegEN,G9->G10 minus G7->G8,0.09360944527736137,-0.0425529010770908,0.22952805159732054,0.0676784782076043,0.162,0.18949973898129202,,,,,,
T2_test_diff,,,,,,,,,,LogRegEN,G8->G9 minus G9->G10,0.09369733375109879,-0.016259344982969038,0.19452490417925228,0.05261682184837684,0.08,0.14732710117545514,,,,,,
T2_test_wald,,,,,,,,,,LogRegEN,equal AUROC across the three transitions,11.073742232756976,,,,0.003938831724058531,,,,,,,
T2_test,,G7->G8,,,765.0,29.0,,,,SAPS sum (no model),,0.7404891304347826,0.6481980547966221,0.8295976206062847,0.0472708081806535,,,,,,,,
T2_test,,G8->G9,,,733.0,32.0,,,,SAPS sum (no model),,0.8426355206847361,0.7663957829810438,0.909234708392603,0.03669174845448628,,,,,,,,
T2_test,,G9->G10,,,699.0,32.0,,,,SAPS sum (no model),,0.8062453148425787,0.7179409971109489,0.8789472669315277,0.041259489237811746,,,,,,,,
T2_test_diff,,,,,,,,,,SAPS sum (no model),G8->G9 minus G7->G8,0.10214639024995353,-0.007996625475811831,0.2136987197977962,0.05739416658878271,0.077,0.16070366644859158,,,,,,
T2_test_diff,,,,,,,,,,SAPS sum (no model),G9->G10 minus G7->G8,0.06575618440779607,-0.05910950837556725,0.190194812418525,0.06367621158451478,0.281,0.17829339243664138,,,,,,
T2_test_diff,,,,,,,,,,SAPS sum (no model),G8->G9 minus G9->G10,0.036390205842157464,-0.06570320275833304,0.14462710637945145,0.05279696547972736,0.496,0.1478315033432366,,,,,,
T2_test_wald,,,,,,,,,,SAPS sum (no model),equal AUROC across the three transitions,3.1774063570959488,,,,0.20419023839180478,,,,,,,
T3_oof,,G7->G8,,,3013.0,125.0,,,,XGBoost,,0.7963310249307479,0.7505884528030401,0.8431944703138164,0.023523850695712747,,,,,,,,
T3_oof,,G8->G9,,,2905.0,182.0,,,,XGBoost,,0.8142945926640381,0.7797875260119222,0.8461114080709818,0.01707780136945249,,,,,,,,
T3_oof,,G9->G10,,,2857.0,117.0,,,,XGBoost,,0.814492482375694,0.7757507838653063,0.8518686347383863,0.01945471850469164,,,,,,,,
T3_oof_diff,,,,,,,,,,XGBoost,G8->G9 minus G7->G8,0.01796356773329022,-0.037841225351310126,0.07311134983423308,0.028622391945655176,0.54,0.08014269744783449,,,,,,
T3_oof_diff,,,,,,,,,,XGBoost,G9->G10 minus G7->G8,0.018161457444946127,-0.038895973643831114,0.07593519785281438,0.029469026051641315,0.53,0.08251327294459568,,,,,,
T3_oof_diff,,,,,,,,,,XGBoost,G8->G9 minus G9->G10,-0.00019788971165590752,-0.05091059634008253,0.050695152615279813,0.026091054243171926,0.966,0.07305495188088139,,,,,,
T3_oof_wald,,,,,,,,,,XGBoost,equal AUROC across the three transitions,0.4846240757341955,,,,0.7848112485121891,,,,,,,
T3_oof,,G7->G8,,,3013.0,125.0,,,,SAPS sum (no model),,0.7910401662049862,0.7444194984626542,0.8358097723643843,0.023488600813175387,,,,,,,,
T3_oof,,G8->G9,,,2905.0,182.0,,,,SAPS sum (no model),,0.7499122251233893,0.7114741841774204,0.786303767046392,0.019233380120560247,,,,,,,,
T3_oof,,G9->G10,,,2857.0,117.0,,,,SAPS sum (no model),,0.782006051531599,0.7331818688992883,0.8304967813003893,0.02475686376590097,,,,,,,,
T3_oof_diff,,,,,,,,,,SAPS sum (no model),G8->G9 minus G7->G8,-0.0411279410815969,-0.09678758115452622,0.019315731561550982,0.029322391047774843,0.162,0.08210269493376955,,,,,,
T3_oof_diff,,,,,,,,,,SAPS sum (no model),G9->G10 minus G7->G8,-0.009034114673387217,-0.07311717140934966,0.05467958757927981,0.03307173883818739,0.789,0.09260086874692469,,,,,,
T3_oof_diff,,,,,,,,,,SAPS sum (no model),G8->G9 minus G9->G10,-0.03209382640820968,-0.09127482640591736,0.028857355314674652,0.030731140757824817,0.301,0.08604719412190949,,,,,,
T3_oof_wald,,,,,,,,,,SAPS sum (no model),equal AUROC across the three transitions,2.253236876509005,,,,0.32412746234445483,,,,,,,
T4a_oof_cohort,,G7->G8,m1,,1524.0,64.0,,,,XGBoost,,0.7771083047945205,0.7040512732962518,0.8439186625406561,0.03549785323658054,,,,,,,,
T4a_oof_cohort,,G8->G9,m1,,1441.0,101.0,,,,XGBoost,,0.7813063395891828,0.7335980023243398,0.8249039588548168,0.023282910643500167,,,,,,,,
T4a_oof_cohort,,G9->G10,m1,,1440.0,66.0,,,,XGBoost,,0.762289929866349,0.695998609383368,0.8231855005212653,0.033069649104152235,,,,,,,,
T4a_oof_cohort_diff,,,m1,,,,,,,XGBoost,G8->G9 minus G7->G8,0.0041980347946622976,-0.07143348673713826,0.0809873384100998,0.03949999456841743,0.991,0.1105999847915688,,,,,,
T4a_oof_cohort_diff,,,m1,,,,,,,XGBoost,G9->G10 minus G7->G8,-0.014818374928171507,-0.10518796603721838,0.07626603595382193,0.04626664368254289,0.72,0.12954660231112008,,,,,,
T4a_oof_cohort_diff,,,m1,,,,,,,XGBoost,G8->G9 minus G9->G10,0.019016409722833805,-0.05694813643086937,0.09773383851463179,0.039482134909426106,0.643,0.1105499777463931,,,,,,
T4a_oof_cohort_wald,,,m1,,,,,,,XGBoost,equal AUROC across the three transitions,0.23421064634125802,,,,0.8894915041642205,,,,,,,
T4a_oof_cohort,,G7->G8,m1,,1524.0,64.0,,,,SAPS sum (no model),,0.7735980308219178,0.6984437984298878,0.8423098584165286,0.036901751242384914,,,,,,,,
T4a_oof_cohort,,G8->G9,m1,,1441.0,101.0,,,,SAPS sum (no model),,0.7403908674449534,0.6905044539755966,0.7874162297375505,0.025317796490169846,,,,,,,,
T4a_oof_cohort,,G9->G10,m1,,1440.0,66.0,,,,SAPS sum (no model),,0.7515327952009174,0.681672020969378,0.8180048777205224,0.034562146881149974,,,,,,,,
T4a_oof_cohort_diff,,,m1,,,,,,,SAPS sum (no model),G8->G9 minus G7->G8,-0.03320716337696439,-0.11261938448869874,0.048963433989024405,0.04212115740187291,0.403,0.11793924072524414,,,,,,
T4a_oof_cohort_diff,,,m1,,,,,,,SAPS sum (no model),G9->G10 minus G7->G8,-0.02206523562100038,-0.1163260585335957,0.07338669772688924,0.04799278438767258,0.635,0.13437979628548322,,,,,,
T4a_oof_cohort_diff,,,m1,,,,,,,SAPS sum (no model),G8->G9 minus G9->G10,-0.01114192775596401,-0.09234269445723424,0.07015320719630364,0.04087727999811022,0.76,0.11445638399470862,,,,,,
T4a_oof_cohort_wald,,,m1,,,,,,,SAPS sum (no model),equal AUROC across the three transitions,0.6216711649827256,,,,0.7328343567636596,,,,,,,
T4a_oof_cohort,,G7->G8,e4,,1489.0,61.0,,,,XGBoost,,0.8183461909353905,0.7579610393167673,0.8765691133486578,0.03023943262602787,,,,,,,,
T4a_oof_cohort,,G8->G9,e4,,1464.0,81.0,,,,XGBoost,,0.8408273301018541,0.7827731887428132,0.8909892033153352,0.027952941540295435,,,,,,,,
T4a_oof_cohort,,G9->G10,e4,,1417.0,51.0,,,,XGBoost,,0.8655226365802544,0.8183989743492981,0.9073372121296863,0.022933359710625354,,,,,,,,
T4a_oof_cohort_diff,,,e4,,,,,,,XGBoost,G8->G9 minus G7->G8,0.02248113916646355,-0.06303939042094729,0.10086636123991136,0.041411201235551136,0.61,0.11595136345954317,,,,,,
T4a_oof_cohort_diff,,,e4,,,,,,,XGBoost,G9->G10 minus G7->G8,0.047176445644863896,-0.026198982884123943,0.11701942378376937,0.03691760990998559,0.226,0.10336930774795965,,,,,,
T4a_oof_cohort_diff,,,e4,,,,,,,XGBoost,G8->G9 minus G9->G10,-0.024695306478400347,-0.09213812025814357,0.04004227745759103,0.034895616528170886,0.491,0.09770772627887847,,,,,,
T4a_oof_cohort_wald,,,e4,,,,,,,XGBoost,equal AUROC across the three transitions,1.7203062333343286,,,,0.4230972941102379,,,,,,,
T4a_oof_cohort,,G7->G8,e4,,1489.0,61.0,,,,SAPS sum (no model),,0.8069637691142031,0.7538181404279133,0.8617434101185911,0.02731457515499937,,,,,,,,
T4a_oof_cohort,,G8->G9,e4,,1464.0,81.0,,,,SAPS sum (no model),,0.7697213964989332,0.7087325012153406,0.8252427607299222,0.030788311985149277,,,,,,,,
T4a_oof_cohort,,G9->G10,e4,,1417.0,51.0,,,,SAPS sum (no model),,0.8339075015071915,0.7683469079615842,0.8923222570501718,0.03228469671056405,,,,,,,,
T4a_oof_cohort_diff,,,e4,,,,,,,SAPS sum (no model),G8->G9 minus G7->G8,-0.03724237261526986,-0.1202618842899244,0.038791586628693676,0.04096974824740126,0.359,0.11471529509272352,,,,,,
T4a_oof_cohort_diff,,,e4,,,,,,,SAPS sum (no model),G9->G10 minus G7->G8,0.026943732392988418,-0.05799066411362712,0.10201158906520144,0.04049585293559993,0.514,0.1133883882196798,,,,,,
T4a_oof_cohort_diff,,,e4,,,,,,,SAPS sum (no model),G8->G9 minus G9->G10,-0.06418610500825828,-0.14440627722859967,0.021325897404859313,0.0424385599849659,0.132,0.11882796795790451,,,,,,
T4a_oof_cohort_wald,,,e4,,,,,,,SAPS sum (no model),equal AUROC across the three transitions,2.3039647684414106,,,,0.31600969539988055,,,,,,,
T4b_holdout,,G7->G8,e4,,1899.0,84.0,,,,XGBoost,,0.7876524990161354,0.7352534631716349,0.8356521247032114,0.026293508078804127,,,m1,,,,,
T4b_holdout,,G8->G9,e4,,1860.0,98.0,,,,XGBoost,,0.7745054321388033,0.7198688216066421,0.8241310003739525,0.02692648089529009,,,m1,,,,,
T4b_holdout,,G9->G10,e4,,1786.0,67.0,,,,XGBoost,,0.8177784723850208,0.7660012361174993,0.8672126906518819,0.02619322607030917,,,m1,,,,,
T4b_holdout_diff,,,e4,,,,,,,XGBoost,G8->G9 minus G7->G8,-0.013147066877332136,-0.08398634531123308,0.05599219301622369,0.03612963299107517,0.698,0.10116297237501047,m1,,,,,
T4b_holdout_diff,,,e4,,,,,,,XGBoost,G9->G10 minus G7->G8,0.03012597336888534,-0.041574957921768546,0.10461174585459505,0.036816251183016103,0.388,0.10308550331244508,m1,,,,,
T4b_holdout_diff,,,e4,,,,,,,XGBoost,G8->G9 minus G9->G10,-0.043273040246217476,-0.11563149626689223,0.026226931115998334,0.03673620733290893,0.22,0.102861380532145,m1,,,,,
T4b_holdout_wald,,,e4,,,,,,,XGBoost,equal AUROC across the three transitions,1.4470677006855701,,,,0.48503518206140395,,m1,,,,,
T4b_holdout,,G7->G8,e4,,1899.0,84.0,,,,SAPS sum (no model),,0.7843434343434343,0.732926401642661,0.8361759694965787,0.025914935565526737,,,m1,,,,,
T4b_holdout,,G8->G9,e4,,1860.0,98.0,,,,SAPS sum (no model),,0.7825493988741922,0.7266003640165785,0.8335354548337653,0.027406763746343227,,,m1,,,,,
T4b_holdout,,G9->G10,e4,,1786.0,67.0,,,,SAPS sum (no model),,0.8257621143844478,0.7697144487033853,0.875561976806144,0.027096449277026636,,,m1,,,,,
T4b_holdout_diff,,,e4,,,,,,,SAPS sum (no model),G8->G9 minus G7->G8,-0.0017940354692421723,-0.07918920913571924,0.0662094398153391,0.03697771489720267,0.91,0.10353760171216747,m1,,,,,
T4b_holdout_diff,,,e4,,,,,,,SAPS sum (no model),G9->G10 minus G7->G8,0.041418680041013456,-0.028346176190719996,0.1125338701536766,0.036814515793690376,0.273,0.10308064422233305,m1,,,,,
T4b_holdout_diff,,,e4,,,,,,,SAPS sum (no model),G8->G9 minus G9->G10,-0.04321271551025563,-0.11581794485728565,0.02957484631467196,0.03762367615837436,0.25,0.1053462932434482,m1,,,,,
T4b_holdout_wald,,,e4,,,,,,,SAPS sum (no model),equal AUROC across the three transitions,1.716070644098596,,,,0.4239942767598007,,m1,,,,,
T4b_holdout,,G7->G8,m1,,1879.0,70.0,,,,XGBoost,,0.7861881070836295,0.7218022871576281,0.8470329383570601,0.0325402918001503,,,e4,,,,,
T4b_holdout,,G8->G9,m1,,1778.0,116.0,,,,XGBoost,,0.7473287273330843,0.6945374701409368,0.7972138316224543,0.026858975558467363,,,e4,,,,,
T4b_holdout,,G9->G10,m1,,1770.0,82.0,,,,XGBoost,,0.7645539533001965,0.7044183355692646,0.8254103381137262,0.03124530132341268,,,e4,,,,,
T4b_holdout_diff,,,m1,,,,,,,XGBoost,G8->G9 minus G7->G8,-0.03885937975054521,-0.11743257358713248,0.038958189970986525,0.03935675392013975,0.331,0.1101989109763913,e4,,,,,
T4b_holdout_diff,,,m1,,,,,,,XGBoost,G9->G10 minus G7->G8,-0.02163415378343303,-0.10303587664301912,0.06300912498262891,0.04275640478537325,0.639,0.11971793339904509,e4,,,,,
T4b_holdout_diff,,,m1,,,,,,,XGBoost,G8->G9 minus G9->G10,-0.01722522596711218,-0.09178097361533381,0.05903030469996327,0.03813209752781655,0.645,0.10676987307788634,e4,,,,,
T4b_holdout_wald,,,m1,,,,,,,XGBoost,equal AUROC across the three transitions,0.9799102701828528,,,,0.6126538802281557,,e4,,,,,
T4b_holdout,,G7->G8,m1,,1879.0,70.0,,,,SAPS sum (no model),,0.7739358761746822,0.7043514815973064,0.8405153398897253,0.03457067617378343,,,e4,,,,,
T4b_holdout,,G8->G9,m1,,1778.0,116.0,,,,SAPS sum (no model),,0.7538487074152455,0.7080412818925296,0.7983499289131719,0.02293172769866471,,,e4,,,,,
T4b_holdout,,G9->G10,m1,,1770.0,82.0,,,,SAPS sum (no model),,0.7633438330828806,0.7010941857373978,0.8232543129051967,0.030951949998206784,,,e4,,,,,
T4b_holdout_diff,,,m1,,,,,,,SAPS sum (no model),G8->G9 minus G7->G8,-0.020087168759436724,-0.09538131572305979,0.05994366594071068,0.03893699876838285,0.6,0.10902359655147198,e4,,,,,
T4b_holdout_diff,,,m1,,,,,,,SAPS sum (no model),G9->G10 minus G7->G8,-0.010592043091801617,-0.09463994884089746,0.07639694089348009,0.044137650557219354,0.812,0.12358542156021418,e4,,,,,
T4b_holdout_diff,,,m1,,,,,,,SAPS sum (no model),G8->G9 minus G9->G10,-0.009495125667635107,-0.0787646965467878,0.0633121981695187,0.036832232141760436,0.778,0.10313024999692921,e4,,,,,
T4b_holdout_wald,,,m1,,,,,,,SAPS sum (no model),equal AUROC across the three transitions,0.2754845193231337,,,,0.8713232379534823,,e4,,,,,
T4c_test_cohort,,G7->G8,m1,,355.0,6.0,,,,XGBoost,,0.7994269340974212,0.6041673095820103,0.9447555415030288,0.08222849534916432,,,,,,,,
T4c_test_cohort,,G8->G9,m1,,337.0,15.0,,,,XGBoost,,0.8799171842650103,0.7579318642350557,0.9701037073521593,0.05513702737212232,,,,,,,,
T4c_test_cohort,,G9->G10,m1,,330.0,16.0,,,,XGBoost,,0.7791600318471338,0.6327351559759276,0.9170760360218851,0.07251442270037525,,,,,,,,
T4c_test_cohort_diff,,,m1,,,,,,,XGBoost,G8->G9 minus G7->G8,0.08049025016758915,-0.10149699085249993,0.27789946139893845,0.09457954200576421,0.369,0.2648227176161398,,,,,,
T4c_test_cohort_diff,,,m1,,,,,,,XGBoost,G9->G10 minus G7->G8,-0.020266902250287377,-0.23958287899250058,0.20608044007389797,0.11126441680568212,0.885,0.31154036705590993,,,,,,
T4c_test_cohort_diff,,,m1,,,,,,,XGBoost,G8->G9 minus G9->G10,0.10075715241787653,-0.06896428289527347,0.26513507461698094,0.08566905856529129,0.233,0.2398733639828156,,,,,,
T4c_test_cohort_wald,,,m1,,,,,,,XGBoost,equal AUROC across the three transitions,1.731771387872323,,,,0.42067879491933635,,,,,,,
T4c_test_cohort,,G7->G8,e4,,410.0,23.0,,,,XGBoost,,0.778227165487024,0.6538298104773934,0.881679149085865,0.05756287204905164,,,,,,,,
T4c_test_cohort,,G8->G9,e4,,396.0,17.0,,,,XGBoost,,0.9110662734750893,0.8517246973124829,0.9574080055100996,0.027239890210449983,,,,,,,,
T4c_test_cohort,,G9->G10,e4,,369.0,16.0,,,,XGBoost,,0.8349858356940509,0.7435773480662984,0.9103700419628675,0.04241330813601719,,,,,,,,
T4c_test_cohort_diff,,,e4,,,,,,,XGBoost,G8->G9 minus G7->G8,0.1328391079880653,0.019193680277582108,0.26002379850684953,0.06108619777979649,0.016,0.17104135378343016,,,,,,
T4c_test_cohort_diff,,,e4,,,,,,,XGBoost,G9->G10 minus G7->G8,0.05675867020702696,-0.07427045279974663,0.20551220173435908,0.07081722130494143,0.419,0.198288219653836,,,,,,
T4c_test_cohort_diff,,,e4,,,,,,,XGBoost,G8->G9 minus G9->G10,0.07608043778103835,-0.019113174314692352,0.1807379575684042,0.04975923456171147,0.116,0.1393258567727921,,,,,,
T4c_test_cohort_wald,,,e4,,,,,,,XGBoost,equal AUROC across the three transitions,5.992928631601901,,,,0.049963411281529826,,,,,,,
T5_trajectory_values,,G7->G8,,,,,,,,,,,,,,,,,0.0,0.0,1.0,,
T5_trajectory_values,,G8->G9,,,,,,,,,,,,,,,,,0.9058893163657887,0.9058893163657887,0.09046941678520626,,
T5_trajectory_values,,G9->G10,,,,,,,,,,,,,,,,,0.9249696233292831,0.9249696233292831,0.07201166180758017,,
T5_ablation,development OOF,G7->G8,,,,125.0,,,,,,0.0015941828254847357,-0.009748872966145457,0.013918572615566322,,,,,,,,0.7963310249307479,0.7947368421052632
T5_ablation,development OOF,G8->G9,,,,182.0,,,,,,0.002245826153281172,-0.008143773972819351,0.012568299726696227,,,,,,,,0.8142945926640381,0.812048766510757
T5_ablation,development OOF,G9->G10,,,,117.0,,,,,,-0.0038461538461538325,-0.018681435540954743,0.012094199769702533,,,,,,,,0.814492482375694,0.8183386362218479
T5_ablation,held-out,G7->G8,,,,29.0,,,,,,0.006746626686656709,-0.021108607902372185,0.038020487616359136,,,,,,,,0.7739411544227887,0.767194527736132
T5_ablation,held-out,G8->G9,,,,32.0,,,,,,0.029266226818830288,0.0004074274871238324,0.06702542631710603,,,,,,,,0.8960859486447932,0.8668197218259629
T5_ablation,held-out,G9->G10,,,,32.0,,,,,,-0.017241379310344862,-0.04133082271276051,0.006156283785444043,,,,,,,,0.8009745127436282,0.818215892053973
